{"_env":"NODEJS","_serializationMethod":"normal","_autosave":false,"_autosaveInterval":5000,"_collections":[{"name":"items","unindexedSortComparator":"js","defaultLokiOperatorPackage":"js","_dynamicViews":[],"uniqueNames":[],"transforms":{},"rangedIndexes":{},"_data":[{"slug":"article-about-me","description":"This is a description for the article about me","title":"Article about me","img":"https://images.unsplash.com/photo-1580752300992-559f8e0734e0?ixlib=rb-1.2.1&ixid=eyJhcHBfaWQiOjEyMDd9&auto=format&fit=crop&w=634&q=80","alt":"nice image","author":{"name":"Peter","bio":"All about Peter and what he does and where he works","img":"https://images.unsplash.com/photo-1533636721434-0e2d61030955?ixlib=rb-1.2.1&ixid=eyJhcHBfaWQiOjEyMDd9&auto=format&fit=crop&w=2550&q=80"},"tags":["web development"],"toc":[{"id":"there-is-just-so-much-to-write-about-me-where-do-i-start","depth":2,"text":"There is just so much to write about me. Where do I start?"}],"body":{"type":"root","children":[{"type":"element","tag":"h2","props":{"id":"there-is-just-so-much-to-write-about-me-where-do-i-start"},"children":[{"type":"element","tag":"a","props":{"ariaHidden":"true","href":"#there-is-just-so-much-to-write-about-me-where-do-i-start","tabIndex":-1},"children":[{"type":"element","tag":"span","props":{"className":["icon","icon-link"]},"children":[]}]},{"type":"text","value":"There is just so much to write about me. Where do I start?"}]},{"type":"text","value":"\n"},{"type":"element","tag":"p","props":{},"children":[{"type":"text","value":"Sed ut perspiciatis unde omnis iste natus error sit voluptatem accusantium doloremque laudantium, totam rem aperiam, eaque ipsa quae ab illo inventore veritatis et quasi architecto beatae vitae dicta sunt explicabo. Nemo enim ipsam voluptatem quia voluptas sit aspernatur aut odit aut fugit, sed quia consequuntur magni dolores eos qui ratione voluptatem sequi nesciunt."}]},{"type":"text","value":"\n"},{"type":"element","tag":"p","props":{},"children":[{"type":"text","value":"Neque porro quisquam est, qui dolorem ipsum quia dolor sit amet, consectetur, adipisci velit, sed quia non numquam eius modi tempora incidunt ut labore et dolore magnam aliquam quaerat voluptatem. Ut enim ad minima veniam, quis nostrum exercitationem ullam corporis suscipit laboriosam, nisi ut aliquid ex ea commodi consequatur? Quis autem vel eum iure reprehenderit qui in ea voluptate velit esse quam nihil molestiae consequatur, vel illum qui dolorem eum fugiat quo voluptas nulla pariatur?"}]},{"type":"text","value":"\n"},{"type":"element","tag":"p","props":{},"children":[{"type":"text","value":"Neque porro quisquam est, qui dolorem ipsum quia dolor sit amet, consectetur, adipisci velit, sed quia non numquam eius modi tempora incidunt ut labore et dolore magnam aliquam quaerat voluptatem. Ut enim ad minima veniam, quis nostrum exercitationem ullam corporis suscipit laboriosam, nisi ut aliquid ex ea commodi consequatur? Quis autem vel eum iure reprehenderit qui in ea voluptate velit esse quam nihil molestiae consequatur, vel illum qui dolorem eum fugiat quo voluptas nulla pariatur?"}]},{"type":"text","value":"\n"},{"type":"element","tag":"p","props":{},"children":[{"type":"text","value":"Neque porro quisquam est, qui dolorem ipsum quia dolor sit amet, consectetur, adipisci velit, sed quia non numquam eius modi tempora incidunt ut labore et dolore magnam aliquam quaerat voluptatem. Ut enim ad minima veniam, quis nostrum exercitationem ullam corporis suscipit laboriosam, nisi ut aliquid ex ea commodi consequatur? Quis autem vel eum iure reprehenderit qui in ea voluptate velit esse quam nihil molestiae consequatur, vel illum qui dolorem eum fugiat quo voluptas nulla pariatur?"}]}]},"text":"## There is just so much to write about me. Where do I start?\n\nSed ut perspiciatis unde omnis iste natus error sit voluptatem accusantium doloremque laudantium, totam rem aperiam, eaque ipsa quae ab illo inventore veritatis et quasi architecto beatae vitae dicta sunt explicabo. Nemo enim ipsam voluptatem quia voluptas sit aspernatur aut odit aut fugit, sed quia consequuntur magni dolores eos qui ratione voluptatem sequi nesciunt. \n\nNeque porro quisquam est, qui dolorem ipsum quia dolor sit amet, consectetur, adipisci velit, sed quia non numquam eius modi tempora incidunt ut labore et dolore magnam aliquam quaerat voluptatem. Ut enim ad minima veniam, quis nostrum exercitationem ullam corporis suscipit laboriosam, nisi ut aliquid ex ea commodi consequatur? Quis autem vel eum iure reprehenderit qui in ea voluptate velit esse quam nihil molestiae consequatur, vel illum qui dolorem eum fugiat quo voluptas nulla pariatur?\n\nNeque porro quisquam est, qui dolorem ipsum quia dolor sit amet, consectetur, adipisci velit, sed quia non numquam eius modi tempora incidunt ut labore et dolore magnam aliquam quaerat voluptatem. Ut enim ad minima veniam, quis nostrum exercitationem ullam corporis suscipit laboriosam, nisi ut aliquid ex ea commodi consequatur? Quis autem vel eum iure reprehenderit qui in ea voluptate velit esse quam nihil molestiae consequatur, vel illum qui dolorem eum fugiat quo voluptas nulla pariatur?\n\nNeque porro quisquam est, qui dolorem ipsum quia dolor sit amet, consectetur, adipisci velit, sed quia non numquam eius modi tempora incidunt ut labore et dolore magnam aliquam quaerat voluptatem. Ut enim ad minima veniam, quis nostrum exercitationem ullam corporis suscipit laboriosam, nisi ut aliquid ex ea commodi consequatur? Quis autem vel eum iure reprehenderit qui in ea voluptate velit esse quam nihil molestiae consequatur, vel illum qui dolorem eum fugiat quo voluptas nulla pariatur?\n","dir":"/articles","path":"/articles/article-about-me","extension":".md","createdAt":"2020-11-24T05:09:14.000Z","updatedAt":"2020-11-24T05:09:14.000Z","meta":{"version":0,"revision":0,"created":1608903782026},"$loki":1},{"slug":"my-favoutie-blog-post","description":"This is a description for a blog post","title":"My favorite Blog Post","img":"https://images.unsplash.com/photo-1540066916271-41e339fd2f23?ixlib=rb-1.2.1&ixid=eyJhcHBfaWQiOjEyMDd9&auto=format&fit=crop&w=1351&q=80","alt":"my fifth blog post","author":{"name":"Peter","bio":"All about Peter and what he does and where he works","img":"https://images.unsplash.com/photo-1533636721434-0e2d61030955?ixlib=rb-1.2.1&ixid=eyJhcHBfaWQiOjEyMDd9&auto=format&fit=crop&w=2550&q=80"},"tags":["web development"],"toc":[{"id":"hello-im-a-very-interesting-article","depth":2,"text":"Hello i'm a very interesting article"}],"body":{"type":"root","children":[{"type":"element","tag":"h2","props":{"id":"hello-im-a-very-interesting-article"},"children":[{"type":"element","tag":"a","props":{"ariaHidden":"true","href":"#hello-im-a-very-interesting-article","tabIndex":-1},"children":[{"type":"element","tag":"span","props":{"className":["icon","icon-link"]},"children":[]}]},{"type":"text","value":"Hello i'm a very interesting article"}]},{"type":"text","value":"\n"},{"type":"element","tag":"p","props":{},"children":[{"type":"text","value":"Sed ut perspiciatis unde omnis iste natus error sit voluptatem accusantium doloremque laudantium, totam rem aperiam, eaque ipsa quae ab illo inventore veritatis et quasi architecto beatae vitae dicta sunt explicabo. Nemo enim ipsam voluptatem quia voluptas sit aspernatur aut odit aut fugit, sed quia consequuntur magni dolores eos qui ratione voluptatem sequi nesciunt. Neque porro quisquam est, qui dolorem ipsum quia dolor sit amet, consectetur, adipisci velit, sed quia non numquam eius modi tempora incidunt ut labore et dolore magnam aliquam quaerat voluptatem. Ut enim ad minima veniam, quis nostrum exercitationem ullam corporis suscipit laboriosam, nisi ut aliquid ex ea commodi consequatur? Quis autem vel eum iure reprehenderit qui in ea voluptate velit esse quam nihil molestiae consequatur, vel illum qui dolorem eum fugiat quo voluptas nulla pariatur?"}]},{"type":"text","value":"\n"},{"type":"element","tag":"p","props":{},"children":[{"type":"text","value":"Sed ut perspiciatis unde omnis iste natus error sit voluptatem accusantium doloremque laudantium, totam rem aperiam, eaque ipsa quae ab illo inventore veritatis et quasi architecto beatae vitae dicta sunt explicabo. Nemo enim ipsam voluptatem quia voluptas sit aspernatur aut odit aut fugit, sed quia consequuntur magni dolores eos qui ratione voluptatem sequi nesciunt. Neque porro quisquam est, qui dolorem ipsum quia dolor sit amet, consectetur, adipisci velit, sed quia non numquam eius modi tempora incidunt ut labore et dolore magnam aliquam quaerat voluptatem. Ut enim ad minima veniam, quis nostrum exercitationem ullam corporis suscipit laboriosam, nisi ut aliquid ex ea commodi consequatur? Quis autem vel eum iure reprehenderit qui in ea voluptate velit esse quam nihil molestiae consequatur, vel illum qui dolorem eum fugiat quo voluptas nulla pariatur?"}]}]},"text":"## Hello i'm a very interesting article \n\nSed ut perspiciatis unde omnis iste natus error sit voluptatem accusantium doloremque laudantium, totam rem aperiam, eaque ipsa quae ab illo inventore veritatis et quasi architecto beatae vitae dicta sunt explicabo. Nemo enim ipsam voluptatem quia voluptas sit aspernatur aut odit aut fugit, sed quia consequuntur magni dolores eos qui ratione voluptatem sequi nesciunt. Neque porro quisquam est, qui dolorem ipsum quia dolor sit amet, consectetur, adipisci velit, sed quia non numquam eius modi tempora incidunt ut labore et dolore magnam aliquam quaerat voluptatem. Ut enim ad minima veniam, quis nostrum exercitationem ullam corporis suscipit laboriosam, nisi ut aliquid ex ea commodi consequatur? Quis autem vel eum iure reprehenderit qui in ea voluptate velit esse quam nihil molestiae consequatur, vel illum qui dolorem eum fugiat quo voluptas nulla pariatur?\n\nSed ut perspiciatis unde omnis iste natus error sit voluptatem accusantium doloremque laudantium, totam rem aperiam, eaque ipsa quae ab illo inventore veritatis et quasi architecto beatae vitae dicta sunt explicabo. Nemo enim ipsam voluptatem quia voluptas sit aspernatur aut odit aut fugit, sed quia consequuntur magni dolores eos qui ratione voluptatem sequi nesciunt. Neque porro quisquam est, qui dolorem ipsum quia dolor sit amet, consectetur, adipisci velit, sed quia non numquam eius modi tempora incidunt ut labore et dolore magnam aliquam quaerat voluptatem. Ut enim ad minima veniam, quis nostrum exercitationem ullam corporis suscipit laboriosam, nisi ut aliquid ex ea commodi consequatur? Quis autem vel eum iure reprehenderit qui in ea voluptate velit esse quam nihil molestiae consequatur, vel illum qui dolorem eum fugiat quo voluptas nulla pariatur?\n","dir":"/articles","path":"/articles/my-favoutie-blog-post","extension":".md","createdAt":"2020-11-24T05:09:14.000Z","updatedAt":"2020-11-24T05:09:14.000Z","meta":{"version":0,"revision":0,"created":1608903782037},"$loki":2},{"slug":"my-first-blog-post","description":"Learning how to use @nuxt/content to create a blog","title":"My First Blog Post","img":"https://images.unsplash.com/reserve/LJIZlzHgQ7WPSh5KVTCB_Typewriter.jpg?ixlib=rb-1.2.1&auto=format&fit=crop&w=800&q=60","alt":"my first blog post","author":{"name":"Peter","bio":"All about Peter and what he does and where he works","img":"https://images.unsplash.com/photo-1533636721434-0e2d61030955?ixlib=rb-1.2.1&ixid=eyJhcHBfaWQiOjEyMDd9&auto=format&fit=crop&w=2550&q=80"},"tags":["nuxtjs","javascript"],"toc":[{"id":"this-is-a-heading","depth":2,"text":"This is a heading"},{"id":"this-is-a-sub-heading","depth":3,"text":"This is a sub heading"},{"id":"this-is-another-sub-heading","depth":3,"text":"This is another sub heading"},{"id":"this-is-another-heading","depth":2,"text":"This is another heading"}],"body":{"type":"root","children":[{"type":"element","tag":"p","props":{},"children":[{"type":"text","value":"Welcome to my first blog post using content module"}]},{"type":"text","value":"\n"},{"type":"element","tag":"h2","props":{"id":"this-is-a-heading"},"children":[{"type":"element","tag":"a","props":{"ariaHidden":"true","href":"#this-is-a-heading","tabIndex":-1},"children":[{"type":"element","tag":"span","props":{"className":["icon","icon-link"]},"children":[]}]},{"type":"text","value":"This is a heading"}]},{"type":"text","value":"\n"},{"type":"element","tag":"p","props":{},"children":[{"type":"text","value":"This is some more info"}]},{"type":"text","value":"\n"},{"type":"element","tag":"div","props":{"className":["bg-blue-500","text-white","p-4","mb-4"]},"children":[{"type":"text","value":"\n  This is HTML inside markdown that has a class some classes\n"}]},{"type":"text","value":"\n"},{"type":"element","tag":"info-box","props":{},"children":[{"type":"text","value":"\n  "},{"type":"element","tag":"template","props":{"#info-box":""},"children":[],"content":[{"type":"text","value":"\n    This is a vue component inside markdown using slots\n  "}]},{"type":"text","value":"\n"}]},{"type":"text","value":"\n"},{"type":"element","tag":"div","props":{"className":["nuxt-content-highlight"]},"children":[{"type":"element","tag":"span","props":{"className":["filename"]},"children":[{"type":"text","value":"nuxt.config.js"}]},{"type":"element","tag":"pre","props":{"className":["line-numbers","language-js"]},"children":[{"type":"element","tag":"code","props":{},"children":[{"type":"element","tag":"span","props":{"className":["token","keyword","module"]},"children":[{"type":"text","value":"export"}]},{"type":"text","value":" "},{"type":"element","tag":"span","props":{"className":["token","keyword","module"]},"children":[{"type":"text","value":"default"}]},{"type":"text","value":" "},{"type":"element","tag":"span","props":{"className":["token","punctuation"]},"children":[{"type":"text","value":"{"}]},{"type":"text","value":"\n  nuxt"},{"type":"element","tag":"span","props":{"className":["token","operator"]},"children":[{"type":"text","value":":"}]},{"type":"text","value":" "},{"type":"element","tag":"span","props":{"className":["token","string"]},"children":[{"type":"text","value":"\"is the best\""}]},{"type":"text","value":"\n"},{"type":"element","tag":"span","props":{"className":["token","punctuation"]},"children":[{"type":"text","value":"}"}]},{"type":"text","value":"\n"}]}]}]},{"type":"text","value":"\n"},{"type":"element","tag":"div","props":{"className":["nuxt-content-highlight"]},"children":[{"type":"element","tag":"span","props":{"className":["filename"]},"children":[{"type":"text","value":"my-first-blog-post.md"}]},{"type":"element","tag":"pre","props":{"className":["line-numbers","language-html"]},"children":[{"type":"element","tag":"code","props":{},"children":[{"type":"element","tag":"span","props":{"className":["token","tag"]},"children":[{"type":"element","tag":"span","props":{"className":["token","tag"]},"children":[{"type":"element","tag":"span","props":{"className":["token","punctuation"]},"children":[{"type":"text","value":"<"}]},{"type":"text","value":"p"}]},{"type":"element","tag":"span","props":{"className":["token","punctuation"]},"children":[{"type":"text","value":">"}]}]},{"type":"text","value":"code styling is easy"},{"type":"element","tag":"span","props":{"className":["token","tag"]},"children":[{"type":"element","tag":"span","props":{"className":["token","tag"]},"children":[{"type":"element","tag":"span","props":{"className":["token","punctuation"]},"children":[{"type":"text","value":"</"}]},{"type":"text","value":"p"}]},{"type":"element","tag":"span","props":{"className":["token","punctuation"]},"children":[{"type":"text","value":">"}]}]},{"type":"text","value":"\n"}]}]}]},{"type":"text","value":"\n"},{"type":"element","tag":"h3","props":{"id":"this-is-a-sub-heading"},"children":[{"type":"element","tag":"a","props":{"ariaHidden":"true","href":"#this-is-a-sub-heading","tabIndex":-1},"children":[{"type":"element","tag":"span","props":{"className":["icon","icon-link"]},"children":[]}]},{"type":"text","value":"This is a sub heading"}]},{"type":"text","value":"\n"},{"type":"element","tag":"p","props":{},"children":[{"type":"text","value":"This is some more info"}]},{"type":"text","value":"\n"},{"type":"element","tag":"h3","props":{"id":"this-is-another-sub-heading"},"children":[{"type":"element","tag":"a","props":{"ariaHidden":"true","href":"#this-is-another-sub-heading","tabIndex":-1},"children":[{"type":"element","tag":"span","props":{"className":["icon","icon-link"]},"children":[]}]},{"type":"text","value":"This is another sub heading"}]},{"type":"text","value":"\n"},{"type":"element","tag":"p","props":{},"children":[{"type":"text","value":"This is some more info"}]},{"type":"text","value":"\n"},{"type":"element","tag":"h2","props":{"id":"this-is-another-heading"},"children":[{"type":"element","tag":"a","props":{"ariaHidden":"true","href":"#this-is-another-heading","tabIndex":-1},"children":[{"type":"element","tag":"span","props":{"className":["icon","icon-link"]},"children":[]}]},{"type":"text","value":"This is another heading"}]},{"type":"text","value":"\n"},{"type":"element","tag":"p","props":{},"children":[{"type":"text","value":"This is some more info"}]}]},"text":"\nWelcome to my first blog post using content module\n\n## This is a heading\nThis is some more info\n<div class=\"bg-blue-500 text-white p-4 mb-4\">\n  This is HTML inside markdown that has a class some classes\n</div>\n\n<info-box>\n  <template #info-box>\n    This is a vue component inside markdown using slots\n  </template>\n</info-box>\n\n```js[nuxt.config.js]\nexport default {\n  nuxt: \"is the best\"\n}\n```\n```html[my-first-blog-post.md]\n<p>code styling is easy</p>\n```\n\n### This is a sub heading\nThis is some more info\n\n### This is another sub heading\nThis is some more info\n\n## This is another heading\nThis is some more info\n","dir":"/articles","path":"/articles/my-first-blog-post","extension":".md","createdAt":"2020-11-24T05:09:14.000Z","updatedAt":"2020-11-24T05:09:14.000Z","meta":{"version":0,"revision":0,"created":1608903782052},"$loki":3},{"slug":"my-second-post","description":"Learning how to use @nuxt/content to create a blog","title":"My Second Blog Post","img":"https://images.unsplash.com/photo-1588432415392-51f6e1a61d5b?ixlib=rb-1.2.1&ixid=eyJhcHBfaWQiOjEyMDd9&auto=format&fit=crop&w=634&q=80","alt":"my second blog post","author":{"name":"Maria","bio":"All about Maria and where she works and what she does","img":"https://images.unsplash.com/photo-1487412720507-e7ab37603c6f?ixlib=rb-1.2.1&ixid=eyJhcHBfaWQiOjEyMDd9&auto=format&fit=crop&w=2551&q=80"},"tags":["nuxtjs"],"toc":[{"id":"welcome-to-my-second-blog-post-using-content-module","depth":2,"text":"Welcome to my second blog post using content module"},{"id":"this-is-a-heading","depth":2,"text":"This is a heading"},{"id":"this-is-a-sub-heading","depth":3,"text":"This is a sub heading"},{"id":"this-is-another-sub-heading","depth":3,"text":"This is another sub heading"},{"id":"this-is-another-heading","depth":2,"text":"This is another heading"}],"body":{"type":"root","children":[{"type":"element","tag":"h2","props":{"id":"welcome-to-my-second-blog-post-using-content-module"},"children":[{"type":"element","tag":"a","props":{"ariaHidden":"true","href":"#welcome-to-my-second-blog-post-using-content-module","tabIndex":-1},"children":[{"type":"element","tag":"span","props":{"className":["icon","icon-link"]},"children":[]}]},{"type":"text","value":"Welcome to my second blog post using content module"}]},{"type":"text","value":"\n"},{"type":"element","tag":"h2","props":{"id":"this-is-a-heading"},"children":[{"type":"element","tag":"a","props":{"ariaHidden":"true","href":"#this-is-a-heading","tabIndex":-1},"children":[{"type":"element","tag":"span","props":{"className":["icon","icon-link"]},"children":[]}]},{"type":"text","value":"This is a heading"}]},{"type":"text","value":"\n"},{"type":"element","tag":"p","props":{},"children":[{"type":"text","value":"This is some more info"}]},{"type":"text","value":"\n"},{"type":"element","tag":"div","props":{"className":["bg-blue-500","text-white","p-4","mb-4"]},"children":[{"type":"text","value":"\n  This is HTML inside markdown that has a class some classes\n"}]},{"type":"text","value":"\n"},{"type":"element","tag":"info-box","props":{},"children":[{"type":"text","value":"\n  "},{"type":"element","tag":"template","props":{"#info-box":""},"children":[],"content":[{"type":"text","value":"\n    This is a vue component inside markdown using slots\n  "}]},{"type":"text","value":"\n"}]},{"type":"text","value":"\n"},{"type":"element","tag":"div","props":{"className":["nuxt-content-highlight"]},"children":[{"type":"element","tag":"span","props":{"className":["filename"]},"children":[{"type":"text","value":"nuxt.config.js"}]},{"type":"element","tag":"pre","props":{"className":["line-numbers","language-js"]},"children":[{"type":"element","tag":"code","props":{},"children":[{"type":"element","tag":"span","props":{"className":["token","keyword","module"]},"children":[{"type":"text","value":"export"}]},{"type":"text","value":" "},{"type":"element","tag":"span","props":{"className":["token","keyword","module"]},"children":[{"type":"text","value":"default"}]},{"type":"text","value":" "},{"type":"element","tag":"span","props":{"className":["token","punctuation"]},"children":[{"type":"text","value":"{"}]},{"type":"text","value":"\n  nuxt"},{"type":"element","tag":"span","props":{"className":["token","operator"]},"children":[{"type":"text","value":":"}]},{"type":"text","value":" "},{"type":"element","tag":"span","props":{"className":["token","string"]},"children":[{"type":"text","value":"\"is the best\""}]},{"type":"text","value":"\n"},{"type":"element","tag":"span","props":{"className":["token","punctuation"]},"children":[{"type":"text","value":"}"}]},{"type":"text","value":"\n"}]}]}]},{"type":"text","value":"\n"},{"type":"element","tag":"div","props":{"className":["nuxt-content-highlight"]},"children":[{"type":"element","tag":"span","props":{"className":["filename"]},"children":[{"type":"text","value":"my-first-blog-post.md"}]},{"type":"element","tag":"pre","props":{"className":["line-numbers","language-html"]},"children":[{"type":"element","tag":"code","props":{},"children":[{"type":"element","tag":"span","props":{"className":["token","tag"]},"children":[{"type":"element","tag":"span","props":{"className":["token","tag"]},"children":[{"type":"element","tag":"span","props":{"className":["token","punctuation"]},"children":[{"type":"text","value":"<"}]},{"type":"text","value":"p"}]},{"type":"element","tag":"span","props":{"className":["token","punctuation"]},"children":[{"type":"text","value":">"}]}]},{"type":"text","value":"code styling is easy"},{"type":"element","tag":"span","props":{"className":["token","tag"]},"children":[{"type":"element","tag":"span","props":{"className":["token","tag"]},"children":[{"type":"element","tag":"span","props":{"className":["token","punctuation"]},"children":[{"type":"text","value":"</"}]},{"type":"text","value":"p"}]},{"type":"element","tag":"span","props":{"className":["token","punctuation"]},"children":[{"type":"text","value":">"}]}]},{"type":"text","value":"\n"}]}]}]},{"type":"text","value":"\n"},{"type":"element","tag":"h3","props":{"id":"this-is-a-sub-heading"},"children":[{"type":"element","tag":"a","props":{"ariaHidden":"true","href":"#this-is-a-sub-heading","tabIndex":-1},"children":[{"type":"element","tag":"span","props":{"className":["icon","icon-link"]},"children":[]}]},{"type":"text","value":"This is a sub heading"}]},{"type":"text","value":"\n"},{"type":"element","tag":"p","props":{},"children":[{"type":"text","value":"This is some more info"}]},{"type":"text","value":"\n"},{"type":"element","tag":"h3","props":{"id":"this-is-another-sub-heading"},"children":[{"type":"element","tag":"a","props":{"ariaHidden":"true","href":"#this-is-another-sub-heading","tabIndex":-1},"children":[{"type":"element","tag":"span","props":{"className":["icon","icon-link"]},"children":[]}]},{"type":"text","value":"This is another sub heading"}]},{"type":"text","value":"\n"},{"type":"element","tag":"p","props":{},"children":[{"type":"text","value":"This is some more info"}]},{"type":"text","value":"\n"},{"type":"element","tag":"h2","props":{"id":"this-is-another-heading"},"children":[{"type":"element","tag":"a","props":{"ariaHidden":"true","href":"#this-is-another-heading","tabIndex":-1},"children":[{"type":"element","tag":"span","props":{"className":["icon","icon-link"]},"children":[]}]},{"type":"text","value":"This is another heading"}]},{"type":"text","value":"\n"},{"type":"element","tag":"p","props":{},"children":[{"type":"text","value":"This is some more info"}]}]},"text":"\n## Welcome to my second blog post using content module\n\n## This is a heading\nThis is some more info\n<div class=\"bg-blue-500 text-white p-4 mb-4\">\n  This is HTML inside markdown that has a class some classes\n</div>\n\n<info-box>\n  <template #info-box>\n    This is a vue component inside markdown using slots\n  </template>\n</info-box>\n\n```js[nuxt.config.js]\nexport default {\n  nuxt: \"is the best\"\n}\n```\n```html[my-first-blog-post.md]\n<p>code styling is easy</p>\n```\n\n### This is a sub heading\nThis is some more info\n\n### This is another sub heading\nThis is some more info\n\n## This is another heading\nThis is some more info\n","dir":"/articles","path":"/articles/my-second-post","extension":".md","createdAt":"2020-11-24T05:09:14.000Z","updatedAt":"2020-11-24T05:09:14.000Z","meta":{"version":0,"revision":0,"created":1608903782070},"$loki":4},{"slug":"my-third-blog-post","description":"Learning how to use @nuxt/content to create a blog","title":"My Third Blog Post","img":"https://images.unsplash.com/photo-1588010986054-727675e6f36a?ixlib=rb-1.2.1&ixid=eyJhcHBfaWQiOjEyMDd9&auto=format&fit=crop&w=800&q=60","alt":"my third blog post","author":{"name":"Alexandra","bio":"All about Alexandra and where she works and what she does","img":"https://images.unsplash.com/photo-1506956191951-7a88da4435e5?ixlib=rb-1.2.1&ixid=eyJhcHBfaWQiOjEyMDd9&auto=format&fit=crop&w=800&q=60"},"tags":["javascript","web development"],"toc":[{"id":"welcome-to-my-third-blog-post-using-content-module","depth":2,"text":"Welcome to my third blog post using content module"},{"id":"this-is-a-heading","depth":2,"text":"This is a heading"},{"id":"this-is-a-sub-heading","depth":3,"text":"This is a sub heading"},{"id":"this-is-another-sub-heading","depth":3,"text":"This is another sub heading"},{"id":"this-is-another-heading","depth":2,"text":"This is another heading"}],"body":{"type":"root","children":[{"type":"element","tag":"h2","props":{"id":"welcome-to-my-third-blog-post-using-content-module"},"children":[{"type":"element","tag":"a","props":{"ariaHidden":"true","href":"#welcome-to-my-third-blog-post-using-content-module","tabIndex":-1},"children":[{"type":"element","tag":"span","props":{"className":["icon","icon-link"]},"children":[]}]},{"type":"text","value":"Welcome to my third blog post using content module"}]},{"type":"text","value":"\n"},{"type":"element","tag":"h2","props":{"id":"this-is-a-heading"},"children":[{"type":"element","tag":"a","props":{"ariaHidden":"true","href":"#this-is-a-heading","tabIndex":-1},"children":[{"type":"element","tag":"span","props":{"className":["icon","icon-link"]},"children":[]}]},{"type":"text","value":"This is a heading"}]},{"type":"text","value":"\n"},{"type":"element","tag":"p","props":{},"children":[{"type":"text","value":"This is some more info"}]},{"type":"text","value":"\n"},{"type":"element","tag":"div","props":{"className":["bg-blue-500","text-white","p-4","mb-4"]},"children":[{"type":"text","value":"\n  This is HTML inside markdown that has a class some classes\n"}]},{"type":"text","value":"\n"},{"type":"element","tag":"info-box","props":{},"children":[{"type":"text","value":"\n  "},{"type":"element","tag":"template","props":{"#info-box":""},"children":[],"content":[{"type":"text","value":"\n    This is a vue component inside markdown using slots\n  "}]},{"type":"text","value":"\n"}]},{"type":"text","value":"\n"},{"type":"element","tag":"div","props":{"className":["nuxt-content-highlight"]},"children":[{"type":"element","tag":"span","props":{"className":["filename"]},"children":[{"type":"text","value":"nuxt.config.js"}]},{"type":"element","tag":"pre","props":{"className":["line-numbers","language-js"]},"children":[{"type":"element","tag":"code","props":{},"children":[{"type":"element","tag":"span","props":{"className":["token","keyword","module"]},"children":[{"type":"text","value":"export"}]},{"type":"text","value":" "},{"type":"element","tag":"span","props":{"className":["token","keyword","module"]},"children":[{"type":"text","value":"default"}]},{"type":"text","value":" "},{"type":"element","tag":"span","props":{"className":["token","punctuation"]},"children":[{"type":"text","value":"{"}]},{"type":"text","value":"\n  nuxt"},{"type":"element","tag":"span","props":{"className":["token","operator"]},"children":[{"type":"text","value":":"}]},{"type":"text","value":" "},{"type":"element","tag":"span","props":{"className":["token","string"]},"children":[{"type":"text","value":"\"is the best\""}]},{"type":"text","value":"\n"},{"type":"element","tag":"span","props":{"className":["token","punctuation"]},"children":[{"type":"text","value":"}"}]},{"type":"text","value":"\n"}]}]}]},{"type":"text","value":"\n"},{"type":"element","tag":"div","props":{"className":["nuxt-content-highlight"]},"children":[{"type":"element","tag":"span","props":{"className":["filename"]},"children":[{"type":"text","value":"my-first-blog-post.md"}]},{"type":"element","tag":"pre","props":{"className":["line-numbers","language-html"]},"children":[{"type":"element","tag":"code","props":{},"children":[{"type":"element","tag":"span","props":{"className":["token","tag"]},"children":[{"type":"element","tag":"span","props":{"className":["token","tag"]},"children":[{"type":"element","tag":"span","props":{"className":["token","punctuation"]},"children":[{"type":"text","value":"<"}]},{"type":"text","value":"p"}]},{"type":"element","tag":"span","props":{"className":["token","punctuation"]},"children":[{"type":"text","value":">"}]}]},{"type":"text","value":"code styling is easy"},{"type":"element","tag":"span","props":{"className":["token","tag"]},"children":[{"type":"element","tag":"span","props":{"className":["token","tag"]},"children":[{"type":"element","tag":"span","props":{"className":["token","punctuation"]},"children":[{"type":"text","value":"</"}]},{"type":"text","value":"p"}]},{"type":"element","tag":"span","props":{"className":["token","punctuation"]},"children":[{"type":"text","value":">"}]}]},{"type":"text","value":"\n"}]}]}]},{"type":"text","value":"\n"},{"type":"element","tag":"h3","props":{"id":"this-is-a-sub-heading"},"children":[{"type":"element","tag":"a","props":{"ariaHidden":"true","href":"#this-is-a-sub-heading","tabIndex":-1},"children":[{"type":"element","tag":"span","props":{"className":["icon","icon-link"]},"children":[]}]},{"type":"text","value":"This is a sub heading"}]},{"type":"text","value":"\n"},{"type":"element","tag":"p","props":{},"children":[{"type":"text","value":"This is some more info"}]},{"type":"text","value":"\n"},{"type":"element","tag":"h3","props":{"id":"this-is-another-sub-heading"},"children":[{"type":"element","tag":"a","props":{"ariaHidden":"true","href":"#this-is-another-sub-heading","tabIndex":-1},"children":[{"type":"element","tag":"span","props":{"className":["icon","icon-link"]},"children":[]}]},{"type":"text","value":"This is another sub heading"}]},{"type":"text","value":"\n"},{"type":"element","tag":"p","props":{},"children":[{"type":"text","value":"This is some more info"}]},{"type":"text","value":"\n"},{"type":"element","tag":"h2","props":{"id":"this-is-another-heading"},"children":[{"type":"element","tag":"a","props":{"ariaHidden":"true","href":"#this-is-another-heading","tabIndex":-1},"children":[{"type":"element","tag":"span","props":{"className":["icon","icon-link"]},"children":[]}]},{"type":"text","value":"This is another heading"}]},{"type":"text","value":"\n"},{"type":"element","tag":"p","props":{},"children":[{"type":"text","value":"This is some more info"}]}]},"text":"\n## Welcome to my third blog post using content module\n\n## This is a heading\nThis is some more info\n<div class=\"bg-blue-500 text-white p-4 mb-4\">\n  This is HTML inside markdown that has a class some classes\n</div>\n\n<info-box>\n  <template #info-box>\n    This is a vue component inside markdown using slots\n  </template>\n</info-box>\n\n```js[nuxt.config.js]\nexport default {\n  nuxt: \"is the best\"\n}\n```\n```html[my-first-blog-post.md]\n<p>code styling is easy</p>\n```\n\n### This is a sub heading\nThis is some more info\n\n### This is another sub heading\nThis is some more info\n\n## This is another heading\nThis is some more info\n","dir":"/articles","path":"/articles/my-third-blog-post","extension":".md","createdAt":"2020-11-24T05:09:14.000Z","updatedAt":"2020-11-24T05:09:14.000Z","meta":{"version":0,"revision":0,"created":1608903782082},"$loki":5},{"slug":"some-interesting-title","description":"Learning how to use @nuxt/content to create a blog again","title":"Some Interesting title","img":"https://images.unsplash.com/photo-1588336271629-1704e27ef8be?ixlib=rb-1.2.1&ixid=eyJhcHBfaWQiOjEyMDd9&auto=format&fit=crop&w=2158&q=80","alt":"nice image","author":{"name":"Choi","bio":"All about Choi and where he works and what he does","img":"https://images.unsplash.com/photo-1534471770828-9bde524ee634?ixlib=rb-1.2.1&ixid=eyJhcHBfaWQiOjEyMDd9&auto=format&fit=crop&w=800&q=60"},"tags":["nuxtjs","web development"],"toc":[{"id":"welcome-to-another-blog-post-using-content-module","depth":2,"text":"Welcome to another blog post using content module"}],"body":{"type":"root","children":[{"type":"element","tag":"h2","props":{"id":"welcome-to-another-blog-post-using-content-module"},"children":[{"type":"element","tag":"a","props":{"ariaHidden":"true","href":"#welcome-to-another-blog-post-using-content-module","tabIndex":-1},"children":[{"type":"element","tag":"span","props":{"className":["icon","icon-link"]},"children":[]}]},{"type":"text","value":"Welcome to another blog post using content module"}]},{"type":"text","value":"\n"},{"type":"element","tag":"p","props":{},"children":[{"type":"text","value":"Sed ut perspiciatis unde omnis iste natus error sit voluptatem accusantium doloremque laudantium, totam rem aperiam, eaque ipsa quae ab illo inventore veritatis et quasi architecto beatae vitae dicta sunt explicabo. Nemo enim ipsam voluptatem quia voluptas sit aspernatur aut odit aut fugit, sed quia consequuntur magni dolores eos qui ratione voluptatem sequi nesciunt. Neque porro quisquam est, qui dolorem ipsum quia dolor sit amet, consectetur, adipisci velit, sed quia non numquam eius modi tempora incidunt ut labore et dolore magnam aliquam quaerat voluptatem. Ut enim ad minima veniam, quis nostrum exercitationem ullam corporis suscipit laboriosam, nisi ut aliquid ex ea commodi consequatur? Quis autem vel eum iure reprehenderit qui in ea voluptate velit esse quam nihil molestiae consequatur, vel illum qui dolorem eum fugiat quo voluptas nulla pariatur?"}]},{"type":"text","value":"\n"},{"type":"element","tag":"p","props":{},"children":[{"type":"text","value":"Sed ut perspiciatis unde omnis iste natus error sit voluptatem accusantium doloremque laudantium, totam rem aperiam, eaque ipsa quae ab illo inventore veritatis et quasi architecto beatae vitae dicta sunt explicabo. Nemo enim ipsam voluptatem quia voluptas sit aspernatur aut odit aut fugit, sed quia consequuntur magni dolores eos qui ratione voluptatem sequi nesciunt. Neque porro quisquam est, qui dolorem ipsum quia dolor sit amet, consectetur, adipisci velit, sed quia non numquam eius modi tempora incidunt ut labore et dolore magnam aliquam quaerat voluptatem. Ut enim ad minima veniam, quis nostrum exercitationem ullam corporis suscipit laboriosam, nisi ut aliquid ex ea commodi consequatur? Quis autem vel eum iure reprehenderit qui in ea voluptate velit esse quam nihil molestiae consequatur, vel illum qui dolorem eum fugiat quo voluptas nulla pariatur?"}]}]},"text":"\n## Welcome to another blog post using content module\n\nSed ut perspiciatis unde omnis iste natus error sit voluptatem accusantium doloremque laudantium, totam rem aperiam, eaque ipsa quae ab illo inventore veritatis et quasi architecto beatae vitae dicta sunt explicabo. Nemo enim ipsam voluptatem quia voluptas sit aspernatur aut odit aut fugit, sed quia consequuntur magni dolores eos qui ratione voluptatem sequi nesciunt. Neque porro quisquam est, qui dolorem ipsum quia dolor sit amet, consectetur, adipisci velit, sed quia non numquam eius modi tempora incidunt ut labore et dolore magnam aliquam quaerat voluptatem. Ut enim ad minima veniam, quis nostrum exercitationem ullam corporis suscipit laboriosam, nisi ut aliquid ex ea commodi consequatur? Quis autem vel eum iure reprehenderit qui in ea voluptate velit esse quam nihil molestiae consequatur, vel illum qui dolorem eum fugiat quo voluptas nulla pariatur?\n\nSed ut perspiciatis unde omnis iste natus error sit voluptatem accusantium doloremque laudantium, totam rem aperiam, eaque ipsa quae ab illo inventore veritatis et quasi architecto beatae vitae dicta sunt explicabo. Nemo enim ipsam voluptatem quia voluptas sit aspernatur aut odit aut fugit, sed quia consequuntur magni dolores eos qui ratione voluptatem sequi nesciunt. Neque porro quisquam est, qui dolorem ipsum quia dolor sit amet, consectetur, adipisci velit, sed quia non numquam eius modi tempora incidunt ut labore et dolore magnam aliquam quaerat voluptatem. Ut enim ad minima veniam, quis nostrum exercitationem ullam corporis suscipit laboriosam, nisi ut aliquid ex ea commodi consequatur? Quis autem vel eum iure reprehenderit qui in ea voluptate velit esse quam nihil molestiae consequatur, vel illum qui dolorem eum fugiat quo voluptas nulla pariatur?\n","dir":"/articles","path":"/articles/some-interesting-title","extension":".md","createdAt":"2020-11-24T05:09:14.000Z","updatedAt":"2020-11-24T05:09:14.000Z","meta":{"version":0,"revision":0,"created":1608903782087},"$loki":6},{"slug":"such-a-good-title","description":"This is the description for and article about Lorem Ipsum","title":"Such a good title","img":"https://images.unsplash.com/photo-1571723141898-68dfa1e50431?ixlib=rb-1.2.1&ixid=eyJhcHBfaWQiOjEyMDd9&auto=format&fit=crop&w=800&q=60","alt":"Article 6","author":{"name":"Choi","bio":"All about Choi and where he works and what he does","img":"https://images.unsplash.com/photo-1534471770828-9bde524ee634?ixlib=rb-1.2.1&ixid=eyJhcHBfaWQiOjEyMDd9&auto=format&fit=crop&w=800&q=60"},"tags":["web development"],"toc":[{"id":"this-article-is-all-about-lorem-ipsum","depth":2,"text":"This article is all about Lorem Ipsum"}],"body":{"type":"root","children":[{"type":"element","tag":"h2","props":{"id":"this-article-is-all-about-lorem-ipsum"},"children":[{"type":"element","tag":"a","props":{"ariaHidden":"true","href":"#this-article-is-all-about-lorem-ipsum","tabIndex":-1},"children":[{"type":"element","tag":"span","props":{"className":["icon","icon-link"]},"children":[]}]},{"type":"text","value":"This article is all about Lorem Ipsum"}]},{"type":"text","value":"\n"},{"type":"element","tag":"p","props":{},"children":[{"type":"text","value":"Sed ut perspiciatis unde omnis iste natus error sit voluptatem accusantium doloremque laudantium, totam rem aperiam, eaque ipsa quae ab illo inventore veritatis et quasi architecto beatae vitae dicta sunt explicabo. Nemo enim ipsam voluptatem quia voluptas sit aspernatur aut odit aut fugit, sed quia consequuntur magni dolores eos qui ratione voluptatem sequi nesciunt. Neque porro quisquam est, qui dolorem ipsum quia dolor sit amet, consectetur, adipisci velit, sed quia non numquam eius modi tempora incidunt ut labore et dolore magnam aliquam quaerat voluptatem. Ut enim ad minima veniam, quis nostrum exercitationem ullam corporis suscipit laboriosam, nisi ut aliquid ex ea commodi consequatur? Quis autem vel eum iure reprehenderit qui in ea voluptate velit esse quam nihil molestiae consequatur, vel illum qui dolorem eum fugiat quo voluptas nulla pariatur?"}]},{"type":"text","value":"\n"},{"type":"element","tag":"p","props":{},"children":[{"type":"text","value":"Sed ut perspiciatis unde omnis iste natus error sit voluptatem accusantium doloremque laudantium, totam rem aperiam, eaque ipsa quae ab illo inventore veritatis et quasi architecto beatae vitae dicta sunt explicabo. Nemo enim ipsam voluptatem quia voluptas sit aspernatur aut odit aut fugit, sed quia consequuntur magni dolores eos qui ratione voluptatem sequi nesciunt. Neque porro quisquam est, qui dolorem ipsum quia dolor sit amet, consectetur, adipisci velit, sed quia non numquam eius modi tempora incidunt ut labore et dolore magnam aliquam quaerat voluptatem. Ut enim ad minima veniam, quis nostrum exercitationem ullam corporis suscipit laboriosam, nisi ut aliquid ex ea commodi consequatur? Quis autem vel eum iure reprehenderit qui in ea voluptate velit esse quam nihil molestiae consequatur, vel illum qui dolorem eum fugiat quo voluptas nulla pariatur?"}]}]},"text":"## This article is all about Lorem Ipsum\n\nSed ut perspiciatis unde omnis iste natus error sit voluptatem accusantium doloremque laudantium, totam rem aperiam, eaque ipsa quae ab illo inventore veritatis et quasi architecto beatae vitae dicta sunt explicabo. Nemo enim ipsam voluptatem quia voluptas sit aspernatur aut odit aut fugit, sed quia consequuntur magni dolores eos qui ratione voluptatem sequi nesciunt. Neque porro quisquam est, qui dolorem ipsum quia dolor sit amet, consectetur, adipisci velit, sed quia non numquam eius modi tempora incidunt ut labore et dolore magnam aliquam quaerat voluptatem. Ut enim ad minima veniam, quis nostrum exercitationem ullam corporis suscipit laboriosam, nisi ut aliquid ex ea commodi consequatur? Quis autem vel eum iure reprehenderit qui in ea voluptate velit esse quam nihil molestiae consequatur, vel illum qui dolorem eum fugiat quo voluptas nulla pariatur?\n\nSed ut perspiciatis unde omnis iste natus error sit voluptatem accusantium doloremque laudantium, totam rem aperiam, eaque ipsa quae ab illo inventore veritatis et quasi architecto beatae vitae dicta sunt explicabo. Nemo enim ipsam voluptatem quia voluptas sit aspernatur aut odit aut fugit, sed quia consequuntur magni dolores eos qui ratione voluptatem sequi nesciunt. Neque porro quisquam est, qui dolorem ipsum quia dolor sit amet, consectetur, adipisci velit, sed quia non numquam eius modi tempora incidunt ut labore et dolore magnam aliquam quaerat voluptatem. Ut enim ad minima veniam, quis nostrum exercitationem ullam corporis suscipit laboriosam, nisi ut aliquid ex ea commodi consequatur? Quis autem vel eum iure reprehenderit qui in ea voluptate velit esse quam nihil molestiae consequatur, vel illum qui dolorem eum fugiat quo voluptas nulla pariatur?\n","dir":"/articles","path":"/articles/such-a-good-title","extension":".md","createdAt":"2020-11-24T05:09:14.000Z","updatedAt":"2020-11-24T05:09:14.000Z","meta":{"version":0,"revision":0,"created":1608903782090},"$loki":7},{"slug":"what-we-know","description":"This is the description for the article about all the things we know","title":"What we know","img":"https://images.unsplash.com/photo-1588065394015-68bf7e40738d?ixlib=rb-1.2.1&ixid=eyJhcHBfaWQiOjEyMDd9&auto=format&fit=crop&w=675&q=80","alt":"Article 10","author":{"name":"Choi","bio":"All about Choi and where he works and what he does","img":"https://images.unsplash.com/photo-1534471770828-9bde524ee634?ixlib=rb-1.2.1&ixid=eyJhcHBfaWQiOjEyMDd9&auto=format&fit=crop&w=800&q=60"},"tags":["nuxtjs","web development"],"toc":[{"id":"what-do-you-know-and-what-do-we-not-know","depth":2,"text":"what do you know and what do we not know"}],"body":{"type":"root","children":[{"type":"element","tag":"h2","props":{"id":"what-do-you-know-and-what-do-we-not-know"},"children":[{"type":"element","tag":"a","props":{"ariaHidden":"true","href":"#what-do-you-know-and-what-do-we-not-know","tabIndex":-1},"children":[{"type":"element","tag":"span","props":{"className":["icon","icon-link"]},"children":[]}]},{"type":"text","value":"what do you know and what do we not know"}]},{"type":"text","value":"\n"},{"type":"element","tag":"p","props":{},"children":[{"type":"text","value":"Sed ut perspiciatis unde omnis iste natus error sit voluptatem accusantium doloremque laudantium, totam rem aperiam, eaque ipsa quae ab illo inventore veritatis et quasi architecto beatae vitae dicta sunt explicabo. Nemo enim ipsam voluptatem quia voluptas sit aspernatur aut odit aut fugit, sed quia consequuntur magni dolores eos qui ratione voluptatem sequi nesciunt. Neque porro quisquam est, qui dolorem ipsum quia dolor sit amet, consectetur, adipisci velit, sed quia non numquam eius modi tempora incidunt ut labore et dolore magnam aliquam quaerat voluptatem. Ut enim ad minima veniam, quis nostrum exercitationem ullam corporis suscipit laboriosam, nisi ut aliquid ex ea commodi consequatur? Quis autem vel eum iure reprehenderit qui in ea voluptate velit esse quam nihil molestiae consequatur, vel illum qui dolorem eum fugiat quo voluptas nulla pariatur?"}]},{"type":"text","value":"\n"},{"type":"element","tag":"p","props":{},"children":[{"type":"text","value":"Sed ut perspiciatis unde omnis iste natus error sit voluptatem accusantium doloremque laudantium, totam rem aperiam, eaque ipsa quae ab illo inventore veritatis et quasi architecto beatae vitae dicta sunt explicabo. Nemo enim ipsam voluptatem quia voluptas sit aspernatur aut odit aut fugit, sed quia consequuntur magni dolores eos qui ratione voluptatem sequi nesciunt. Neque porro quisquam est, qui dolorem ipsum quia dolor sit amet, consectetur, adipisci velit, sed quia non numquam eius modi tempora incidunt ut labore et dolore magnam aliquam quaerat voluptatem. Ut enim ad minima veniam, quis nostrum exercitationem ullam corporis suscipit laboriosam, nisi ut aliquid ex ea commodi consequatur? Quis autem vel eum iure reprehenderit qui in ea voluptate velit esse quam nihil molestiae consequatur, vel illum qui dolorem eum fugiat quo voluptas nulla pariatur?"}]}]},"text":"## what do you know and what do we not know\n\nSed ut perspiciatis unde omnis iste natus error sit voluptatem accusantium doloremque laudantium, totam rem aperiam, eaque ipsa quae ab illo inventore veritatis et quasi architecto beatae vitae dicta sunt explicabo. Nemo enim ipsam voluptatem quia voluptas sit aspernatur aut odit aut fugit, sed quia consequuntur magni dolores eos qui ratione voluptatem sequi nesciunt. Neque porro quisquam est, qui dolorem ipsum quia dolor sit amet, consectetur, adipisci velit, sed quia non numquam eius modi tempora incidunt ut labore et dolore magnam aliquam quaerat voluptatem. Ut enim ad minima veniam, quis nostrum exercitationem ullam corporis suscipit laboriosam, nisi ut aliquid ex ea commodi consequatur? Quis autem vel eum iure reprehenderit qui in ea voluptate velit esse quam nihil molestiae consequatur, vel illum qui dolorem eum fugiat quo voluptas nulla pariatur?\n\nSed ut perspiciatis unde omnis iste natus error sit voluptatem accusantium doloremque laudantium, totam rem aperiam, eaque ipsa quae ab illo inventore veritatis et quasi architecto beatae vitae dicta sunt explicabo. Nemo enim ipsam voluptatem quia voluptas sit aspernatur aut odit aut fugit, sed quia consequuntur magni dolores eos qui ratione voluptatem sequi nesciunt. Neque porro quisquam est, qui dolorem ipsum quia dolor sit amet, consectetur, adipisci velit, sed quia non numquam eius modi tempora incidunt ut labore et dolore magnam aliquam quaerat voluptatem. Ut enim ad minima veniam, quis nostrum exercitationem ullam corporis suscipit laboriosam, nisi ut aliquid ex ea commodi consequatur? Quis autem vel eum iure reprehenderit qui in ea voluptate velit esse quam nihil molestiae consequatur, vel illum qui dolorem eum fugiat quo voluptas nulla pariatur?\n","dir":"/articles","path":"/articles/what-we-know","extension":".md","createdAt":"2020-11-24T05:09:14.000Z","updatedAt":"2020-11-24T05:09:14.000Z","meta":{"version":0,"revision":0,"created":1608903782097},"$loki":8},{"slug":"nuxtjs","description":"NuxtJS is an open source framework making web development simple and powerful.","name":"nuxtjs","img":"https://images.unsplash.com/photo-1598313183973-4effcded8d5e?ixlib=rb-1.2.1&ixid=eyJhcHBfaWQiOjEyMDd9&auto=format&fit=crop&w=675&q=80","toc":[],"body":{"type":"root","children":[]},"text":"","dir":"/tags","path":"/tags/nuxtjs","extension":".md","createdAt":"2020-11-24T05:09:14.000Z","updatedAt":"2020-11-24T05:09:14.000Z","meta":{"version":0,"revision":0,"created":1608903782098},"$loki":9},{"slug":"web_development","description":"Building, designing, maintaining websites and web services.","name":"web development","img":"https://images.unsplash.com/photo-1598313183973-4effcded8d5e?ixlib=rb-1.2.1&ixid=eyJhcHBfaWQiOjEyMDd9&auto=format&fit=crop&w=675&q=80","toc":[],"body":{"type":"root","children":[]},"text":"","dir":"/tags","path":"/tags/web_development","extension":".md","createdAt":"2020-11-24T05:09:14.000Z","updatedAt":"2020-11-24T05:09:14.000Z","meta":{"version":0,"revision":0,"created":1608903782099},"$loki":10},{"slug":"javascript","description":"JavaScript is a programming language adhering to the ECMAScript spec.","name":"javascript","img":"https://images.unsplash.com/photo-1598425237654-4fc758e50a93?ixlib=rb-1.2.1&ixid=eyJhcHBfaWQiOjEyMDd9&auto=format&fit=crop&w=675&q=80","toc":[],"body":{"type":"root","children":[]},"text":"","dir":"/tags","path":"/tags/javascript","extension":".md","createdAt":"2020-11-24T05:09:14.000Z","updatedAt":"2020-11-24T05:09:14.000Z","meta":{"version":0,"revision":0,"created":1608903782100},"$loki":11},{"slug":"into-the-unknown","description":"This is a description for this article which describes what it is about","title":"Into the unknown","img":"https://images.unsplash.com/photo-1588512285341-c481fb6de19d?ixlib=rb-1.2.1&ixid=eyJhcHBfaWQiOjEyMDd9&auto=format&fit=crop&w=1406&q=80","alt":"Hello i'm article 9","author":{"name":"Alexandra","bio":"All about Alexandra and where she works and what she does","img":"https://images.unsplash.com/photo-1506956191951-7a88da4435e5?ixlib=rb-1.2.1&ixid=eyJhcHBfaWQiOjEyMDd9&auto=format&fit=crop&w=800&q=60"},"tags":["web development"],"toc":[{"id":"hello-this-article-explores-the-unknown","depth":2,"text":"Hello this article explores the unknown"}],"body":{"type":"root","children":[{"type":"element","tag":"h2","props":{"id":"hello-this-article-explores-the-unknown"},"children":[{"type":"element","tag":"a","props":{"ariaHidden":"true","href":"#hello-this-article-explores-the-unknown","tabIndex":-1},"children":[{"type":"element","tag":"span","props":{"className":["icon","icon-link"]},"children":[]}]},{"type":"text","value":"Hello this article explores the unknown"}]},{"type":"text","value":"\n"},{"type":"element","tag":"p","props":{},"children":[{"type":"text","value":"Sed ut perspiciatis unde omnis iste natus error sit voluptatem accusantium doloremque laudantium, totam rem aperiam, eaque ipsa quae ab illo inventore veritatis et quasi architecto beatae vitae dicta sunt explicabo. Nemo enim ipsam voluptatem quia voluptas sit aspernatur aut odit aut fugit, sed quia consequuntur magni dolores eos qui ratione voluptatem sequi nesciunt. Neque porro quisquam est, qui dolorem ipsum quia dolor sit amet, consectetur, adipisci velit, sed quia non numquam eius modi tempora incidunt ut labore et dolore magnam aliquam quaerat voluptatem. Ut enim ad minima veniam, quis nostrum exercitationem ullam corporis suscipit laboriosam, nisi ut aliquid ex ea commodi consequatur? Quis autem vel eum iure reprehenderit qui in ea voluptate velit esse quam nihil molestiae consequatur, vel illum qui dolorem eum fugiat quo voluptas nulla pariatur?"}]},{"type":"text","value":"\n"},{"type":"element","tag":"p","props":{},"children":[{"type":"text","value":"Sed ut perspiciatis unde omnis iste natus error sit voluptatem accusantium doloremque laudantium, totam rem aperiam, eaque ipsa quae ab illo inventore veritatis et quasi architecto beatae vitae dicta sunt explicabo. Nemo enim ipsam voluptatem quia voluptas sit aspernatur aut odit aut fugit, sed quia consequuntur magni dolores eos qui ratione voluptatem sequi nesciunt. Neque porro quisquam est, qui dolorem ipsum quia dolor sit amet, consectetur, adipisci velit, sed quia non numquam eius modi tempora incidunt ut labore et dolore magnam aliquam quaerat voluptatem. Ut enim ad minima veniam, quis nostrum exercitationem ullam corporis suscipit laboriosam, nisi ut aliquid ex ea commodi consequatur? Quis autem vel eum iure reprehenderit qui in ea voluptate velit esse quam nihil molestiae consequatur, vel illum qui dolorem eum fugiat quo voluptas nulla pariatur?"}]}]},"text":"## Hello this article explores the unknown\n\nSed ut perspiciatis unde omnis iste natus error sit voluptatem accusantium doloremque laudantium, totam rem aperiam, eaque ipsa quae ab illo inventore veritatis et quasi architecto beatae vitae dicta sunt explicabo. Nemo enim ipsam voluptatem quia voluptas sit aspernatur aut odit aut fugit, sed quia consequuntur magni dolores eos qui ratione voluptatem sequi nesciunt. Neque porro quisquam est, qui dolorem ipsum quia dolor sit amet, consectetur, adipisci velit, sed quia non numquam eius modi tempora incidunt ut labore et dolore magnam aliquam quaerat voluptatem. Ut enim ad minima veniam, quis nostrum exercitationem ullam corporis suscipit laboriosam, nisi ut aliquid ex ea commodi consequatur? Quis autem vel eum iure reprehenderit qui in ea voluptate velit esse quam nihil molestiae consequatur, vel illum qui dolorem eum fugiat quo voluptas nulla pariatur?\n\nSed ut perspiciatis unde omnis iste natus error sit voluptatem accusantium doloremque laudantium, totam rem aperiam, eaque ipsa quae ab illo inventore veritatis et quasi architecto beatae vitae dicta sunt explicabo. Nemo enim ipsam voluptatem quia voluptas sit aspernatur aut odit aut fugit, sed quia consequuntur magni dolores eos qui ratione voluptatem sequi nesciunt. Neque porro quisquam est, qui dolorem ipsum quia dolor sit amet, consectetur, adipisci velit, sed quia non numquam eius modi tempora incidunt ut labore et dolore magnam aliquam quaerat voluptatem. Ut enim ad minima veniam, quis nostrum exercitationem ullam corporis suscipit laboriosam, nisi ut aliquid ex ea commodi consequatur? Quis autem vel eum iure reprehenderit qui in ea voluptate velit esse quam nihil molestiae consequatur, vel illum qui dolorem eum fugiat quo voluptas nulla pariatur?\n\n","dir":"/articles","path":"/articles/into-the-unknown","extension":".md","createdAt":"2020-11-24T05:09:14.000Z","updatedAt":"2020-11-24T05:09:14.000Z","meta":{"version":0,"revision":0,"created":1608903782104},"$loki":12},{"slug":"great-article","description":"I am a description of a great article","title":"Great Article","img":"https://images.unsplash.com/photo-1588514727390-91fd5ebaef81?ixlib=rb-1.2.1&ixid=eyJhcHBfaWQiOjEyMDd9&auto=format&fit=crop&w=639&q=80","alt":"article 7","author":{"name":"Maria","bio":"All about Maria and where she works and what she does","img":"https://images.unsplash.com/photo-1487412720507-e7ab37603c6f?ixlib=rb-1.2.1&ixid=eyJhcHBfaWQiOjEyMDd9&auto=format&fit=crop&w=2551&q=80"},"tags":["web development"],"toc":[{"id":"hello-this-article-is-great","depth":2,"text":"Hello this article is great"}],"body":{"type":"root","children":[{"type":"element","tag":"h2","props":{"id":"hello-this-article-is-great"},"children":[{"type":"element","tag":"a","props":{"ariaHidden":"true","href":"#hello-this-article-is-great","tabIndex":-1},"children":[{"type":"element","tag":"span","props":{"className":["icon","icon-link"]},"children":[]}]},{"type":"text","value":"Hello this article is great"}]},{"type":"text","value":"\n"},{"type":"element","tag":"p","props":{},"children":[{"type":"text","value":"Sed ut perspiciatis unde omnis iste natus error sit voluptatem accusantium doloremque laudantium, totam rem aperiam, eaque ipsa quae ab illo inventore veritatis et quasi architecto beatae vitae dicta sunt explicabo. Nemo enim ipsam voluptatem quia voluptas sit aspernatur aut odit aut fugit, sed quia consequuntur magni dolores eos qui ratione voluptatem sequi nesciunt. Neque porro quisquam est, qui dolorem ipsum quia dolor sit amet, consectetur, adipisci velit, sed quia non numquam eius modi tempora incidunt ut labore et dolore magnam aliquam quaerat voluptatem."}]},{"type":"text","value":"\n"},{"type":"element","tag":"p","props":{},"children":[{"type":"text","value":"Ut enim ad minima veniam, quis nostrum exercitationem ullam corporis suscipit laboriosam, nisi ut aliquid ex ea commodi consequatur? Quis autem vel eum iure reprehenderit qui in ea voluptate velit esse quam nihil molestiae consequatur, vel illum qui dolorem eum fugiat quo voluptas nulla pariatur?"}]},{"type":"text","value":"\n"},{"type":"element","tag":"p","props":{},"children":[{"type":"text","value":"Sedet dolore magnam aliquam quaerat voluptatem. Ut enim ad minima veniam, quis nostrum exercitationem ullam corporis suscipit laboriosam, nisi ut aliquid ex ea commodi consequatur? Quis autem vel eum iure reprehenderit qui in ea voluptate velit esse quam nihil molestiae consequatur, vel illum qui dolorem eum fugiat quo voluptas nulla pariatur?"}]}]},"text":"## Hello this article is great\n\nSed ut perspiciatis unde omnis iste natus error sit voluptatem accusantium doloremque laudantium, totam rem aperiam, eaque ipsa quae ab illo inventore veritatis et quasi architecto beatae vitae dicta sunt explicabo. Nemo enim ipsam voluptatem quia voluptas sit aspernatur aut odit aut fugit, sed quia consequuntur magni dolores eos qui ratione voluptatem sequi nesciunt. Neque porro quisquam est, qui dolorem ipsum quia dolor sit amet, consectetur, adipisci velit, sed quia non numquam eius modi tempora incidunt ut labore et dolore magnam aliquam quaerat voluptatem. \n\nUt enim ad minima veniam, quis nostrum exercitationem ullam corporis suscipit laboriosam, nisi ut aliquid ex ea commodi consequatur? Quis autem vel eum iure reprehenderit qui in ea voluptate velit esse quam nihil molestiae consequatur, vel illum qui dolorem eum fugiat quo voluptas nulla pariatur?\n\nSedet dolore magnam aliquam quaerat voluptatem. Ut enim ad minima veniam, quis nostrum exercitationem ullam corporis suscipit laboriosam, nisi ut aliquid ex ea commodi consequatur? Quis autem vel eum iure reprehenderit qui in ea voluptate velit esse quam nihil molestiae consequatur, vel illum qui dolorem eum fugiat quo voluptas nulla pariatur?\n","dir":"/articles","path":"/articles/great-article","extension":".md","createdAt":"2020-11-24T05:09:14.000Z","updatedAt":"2020-11-24T05:09:14.000Z","meta":{"version":0,"revision":0,"created":1608903782107},"$loki":13}],"idIndex":[1,2,3,4,5,6,7,8,9,10,11,12,13],"maxId":13,"_dirty":true,"_nestedProperties":[{"name":"author.name","path":["author","name"]}],"transactional":false,"asyncListeners":false,"disableMeta":false,"disableChangesApi":true,"disableDeltaChangesApi":true,"cloneObjects":false,"cloneMethod":"deep","changes":[],"_fullTextSearch":{"ii":{"title":{"_store":true,"_optimizeChanges":true,"docCount":10,"docStore":[[0,{"fieldLength":3}],[1,{"fieldLength":4}],[2,{"fieldLength":4}],[3,{"fieldLength":4}],[4,{"fieldLength":4}],[5,{"fieldLength":3}],[6,{"fieldLength":4}],[7,{"fieldLength":3}],[11,{"fieldLength":3}],[12,{"fieldLength":2}]],"totalFieldLength":34,"root":{"k":[97,109,102,98,112,115,116,105,103,119,107,117],"v":[{"d":{"df":1,"dc":[[6,1]]},"k":[114,98],"v":[{"k":[116],"v":[{"k":[105],"v":[{"k":[99],"v":[{"k":[108],"v":[{"k":[101],"v":[{"d":{"df":2,"dc":[[0,1],[12,1]]}}]}]}]}]}]},{"k":[111],"v":[{"k":[117],"v":[{"k":[116],"v":[{"d":{"df":1,"dc":[[0,1]]}}]}]}]}]},{"k":[101,121],"v":[{"d":{"df":1,"dc":[[0,1]]}},{"d":{"df":4,"dc":[[1,1],[2,1],[3,1],[4,1]]}}]},{"k":[97,105],"v":[{"k":[118],"v":[{"k":[111],"v":[{"k":[114],"v":[{"k":[105],"v":[{"k":[116],"v":[{"k":[101],"v":[{"d":{"df":1,"dc":[[1,1]]}}]}]}]}]}]}]},{"k":[114],"v":[{"k":[115],"v":[{"k":[116],"v":[{"d":{"df":1,"dc":[[2,1]]}}]}]}]}]},{"k":[108],"v":[{"k":[111],"v":[{"k":[103],"v":[{"d":{"df":4,"dc":[[1,1],[2,1],[3,1],[4,1]]}}]}]}]},{"k":[111],"v":[{"k":[115],"v":[{"k":[116],"v":[{"d":{"df":4,"dc":[[1,1],[2,1],[3,1],[4,1]]}}]}]}]},{"k":[101,111,117],"v":[{"k":[99],"v":[{"k":[111],"v":[{"k":[110],"v":[{"k":[100],"v":[{"d":{"df":1,"dc":[[3,1]]}}]}]}]}]},{"k":[109],"v":[{"k":[101],"v":[{"d":{"df":1,"dc":[[5,1]]}}]}]},{"k":[99],"v":[{"k":[104],"v":[{"d":{"df":1,"dc":[[6,1]]}}]}]}]},{"k":[104,105],"v":[{"k":[105,101],"v":[{"k":[114],"v":[{"k":[100],"v":[{"d":{"df":1,"dc":[[4,1]]}}]}]},{"d":{"df":1,"dc":[[11,1]]}}]},{"k":[116],"v":[{"k":[108],"v":[{"k":[101],"v":[{"d":{"df":2,"dc":[[5,1],[6,1]]}}]}]}]}]},{"k":[110],"v":[{"k":[116],"v":[{"k":[101,111],"v":[{"k":[114],"v":[{"k":[101],"v":[{"k":[115],"v":[{"k":[116],"v":[{"k":[105],"v":[{"k":[110],"v":[{"k":[103],"v":[{"d":{"df":1,"dc":[[5,1]]}}]}]}]}]}]}]}]},{"d":{"df":1,"dc":[[11,1]]}}]}]}]},{"k":[111,114],"v":[{"k":[111],"v":[{"k":[100],"v":[{"d":{"df":1,"dc":[[6,1]]}}]}]},{"k":[101],"v":[{"k":[97],"v":[{"k":[116],"v":[{"d":{"df":1,"dc":[[12,1]]}}]}]}]}]},{"k":[104,101],"v":[{"k":[97],"v":[{"k":[116],"v":[{"d":{"df":1,"dc":[[7,1]]}}]}]},{"d":{"df":1,"dc":[[7,1]]}}]},{"k":[110],"v":[{"k":[111],"v":[{"k":[119],"v":[{"d":{"df":1,"dc":[[7,1]]}}]}]}]},{"k":[110],"v":[{"k":[107],"v":[{"k":[110],"v":[{"k":[111],"v":[{"k":[119],"v":[{"k":[110],"v":[{"d":{"df":1,"dc":[[11,1]]}}]}]}]}]}]}]}]}},"description":{"_store":true,"_optimizeChanges":true,"docCount":13,"docStore":[[0,{"fieldLength":9}],[1,{"fieldLength":8}],[2,{"fieldLength":9}],[3,{"fieldLength":9}],[4,{"fieldLength":9}],[5,{"fieldLength":10}],[6,{"fieldLength":10}],[7,{"fieldLength":13}],[8,{"fieldLength":12}],[9,{"fieldLength":7}],[10,{"fieldLength":10}],[11,{"fieldLength":13}],[12,{"fieldLength":8}]],"totalFieldLength":127,"root":{"k":[116,105,97,100,102,109,98,112,108,104,117,64,99,119,107,110,111,115,106,101,103],"v":[{"k":[104,111],"v":[{"k":[105,101],"v":[{"k":[115,110],"v":[{"d":{"df":5,"dc":[[0,1],[1,1],[6,1],[7,1],[11,2]]}},{"k":[103],"v":[{"k":[115],"v":[{"d":{"df":1,"dc":[[7,1]]}}]}]}]},{"d":{"df":4,"dc":[[0,1],[6,1],[7,3],[10,1]]}}]},{"d":{"df":5,"dc":[[2,2],[3,2],[4,2],[5,2],[10,1]]}}]},{"d":{"df":1,"dc":[[12,1]]},"k":[115,112,116],"v":[{"d":{"df":7,"dc":[[0,1],[1,1],[6,1],[7,1],[8,1],[10,1],[11,2]]}},{"k":[115],"v":[{"k":[117],"v":[{"k":[109],"v":[{"d":{"df":1,"dc":[[6,1]]}}]}]}]},{"d":{"df":1,"dc":[[11,1]]}}]},{"d":{"df":9,"dc":[[0,1],[1,2],[2,1],[3,1],[4,1],[5,1],[10,1],[11,1],[12,2]]},"k":[114,98,103,110,108,100,109],"v":[{"k":[116],"v":[{"k":[105],"v":[{"k":[99],"v":[{"k":[108],"v":[{"k":[101],"v":[{"d":{"df":5,"dc":[[0,1],[6,1],[7,1],[11,1],[12,1]]}}]}]}]}]}]},{"k":[111],"v":[{"k":[117],"v":[{"k":[116],"v":[{"d":{"df":4,"dc":[[0,1],[6,1],[7,1],[11,1]]}}]}]}]},{"k":[97],"v":[{"k":[105],"v":[{"k":[110],"v":[{"d":{"df":1,"dc":[[5,1]]}}]}]}]},{"d":{"df":1,"dc":[[8,1]]},"k":[100],"v":[{"d":{"df":3,"dc":[[6,1],[8,1],[9,1]]}}]},{"k":[108],"v":[{"d":{"df":1,"dc":[[7,1]]}}]},{"k":[104],"v":[{"k":[101],"v":[{"k":[114],"v":[{"k":[105],"v":[{"k":[110],"v":[{"k":[103],"v":[{"d":{"df":1,"dc":[[10,1]]}}]}]}]}]}]}]},{"d":{"df":1,"dc":[[12,1]]}}]},{"k":[101],"v":[{"k":[115,118],"v":[{"k":[99,105],"v":[{"k":[114],"v":[{"k":[105],"v":[{"k":[112,98],"v":[{"k":[116],"v":[{"k":[105],"v":[{"k":[111],"v":[{"k":[110],"v":[{"d":{"df":6,"dc":[[0,1],[1,1],[6,1],[7,1],[11,1],[12,1]]}}]}]}]}]},{"k":[101],"v":[{"k":[115],"v":[{"d":{"df":1,"dc":[[11,1]]}}]}]}]}]}]},{"k":[103],"v":[{"k":[110],"v":[{"k":[105],"v":[{"k":[110],"v":[{"k":[103],"v":[{"k":[44],"v":[{"d":{"df":1,"dc":[[9,1]]}}]}]}]}]}]}]}]},{"k":[101],"v":[{"k":[108],"v":[{"k":[111],"v":[{"k":[112],"v":[{"k":[109],"v":[{"k":[101],"v":[{"k":[110],"v":[{"k":[116],"v":[{"d":{"df":1,"dc":[[8,1]]}}]}]}]}]}]}]}]}]}]}]},{"k":[111,114],"v":[{"k":[114],"v":[{"d":{"df":5,"dc":[[0,1],[1,1],[6,1],[7,1],[11,1]]}}]},{"k":[97],"v":[{"k":[109],"v":[{"k":[101],"v":[{"k":[119],"v":[{"k":[111],"v":[{"k":[114],"v":[{"k":[107],"v":[{"d":{"df":1,"dc":[[8,1]]}}]}]}]}]}]}]}]}]},{"k":[101,97],"v":[{"d":{"df":1,"dc":[[0,1]]}},{"k":[107,105],"v":[{"k":[105],"v":[{"k":[110],"v":[{"k":[103],"v":[{"d":{"df":1,"dc":[[8,1]]}}]}]}]},{"k":[110],"v":[{"k":[116],"v":[{"k":[97],"v":[{"k":[105],"v":[{"k":[110],"v":[{"k":[105],"v":[{"k":[110],"v":[{"k":[103],"v":[{"d":{"df":1,"dc":[[9,1]]}}]}]}]}]}]}]}]}]}]}]},{"k":[108,117],"v":[{"k":[111],"v":[{"k":[103],"v":[{"d":{"df":5,"dc":[[1,1],[2,1],[3,1],[4,1],[5,1]]}}]}]},{"k":[105],"v":[{"k":[108],"v":[{"k":[100],"v":[{"k":[105],"v":[{"k":[110],"v":[{"k":[103],"v":[{"k":[44],"v":[{"d":{"df":1,"dc":[[9,1]]}}]}]}]}]}]}]}]}]},{"k":[111,114],"v":[{"k":[115,119],"v":[{"k":[116],"v":[{"d":{"df":1,"dc":[[1,1]]}}]},{"k":[101],"v":[{"k":[114],"v":[{"k":[102],"v":[{"k":[117],"v":[{"k":[108],"v":[{"k":[46],"v":[{"d":{"df":1,"dc":[[8,1]]}}]}]}]}]}]}]}]},{"k":[111],"v":[{"k":[103],"v":[{"k":[114],"v":[{"k":[97],"v":[{"k":[109],"v":[{"k":[109],"v":[{"k":[105],"v":[{"k":[110],"v":[{"k":[103],"v":[{"d":{"df":1,"dc":[[10,1]]}}]}]}]}]}]}]}]}]}]}]},{"k":[101,111,97],"v":[{"k":[97],"v":[{"k":[114],"v":[{"k":[110],"v":[{"k":[105],"v":[{"k":[110],"v":[{"k":[103],"v":[{"d":{"df":4,"dc":[[2,1],[3,1],[4,1],[5,1]]}}]}]}]}]}]}]},{"k":[114],"v":[{"k":[101],"v":[{"k":[109],"v":[{"d":{"df":1,"dc":[[6,1]]}}]}]}]},{"k":[110],"v":[{"k":[103],"v":[{"k":[117],"v":[{"k":[97],"v":[{"k":[103],"v":[{"k":[101],"v":[{"d":{"df":1,"dc":[[10,1]]}}]}]}]}]}]}]}]},{"k":[111],"v":[{"k":[119],"v":[{"d":{"df":4,"dc":[[2,1],[3,1],[4,1],[5,1]]}}]}]},{"k":[115],"v":[{"k":[101],"v":[{"d":{"df":4,"dc":[[2,1],[3,1],[4,1],[5,1]]}}]}]},{"k":[110],"v":[{"k":[117],"v":[{"k":[120],"v":[{"k":[116],"v":[{"k":[47],"v":[{"k":[99],"v":[{"k":[111],"v":[{"k":[110],"v":[{"k":[116],"v":[{"k":[101],"v":[{"k":[110],"v":[{"k":[116],"v":[{"d":{"df":4,"dc":[[2,1],[3,1],[4,1],[5,1]]}}]}]}]}]}]}]}]}]}]}]}]}]},{"k":[114],"v":[{"k":[101],"v":[{"k":[97],"v":[{"k":[116],"v":[{"k":[101],"v":[{"d":{"df":4,"dc":[[2,1],[3,1],[4,1],[5,1]]}}]}]}]}]}]},{"k":[101,104],"v":[{"d":{"df":1,"dc":[[7,1]]},"k":[98],"v":[{"d":{"df":2,"dc":[[8,1],[9,1]]},"k":[115],"v":[{"k":[105],"v":[{"k":[116],"v":[{"k":[101],"v":[{"k":[115],"v":[{"d":{"df":1,"dc":[[9,1]]}}]}]}]}]}]}]},{"k":[105,97],"v":[{"k":[99],"v":[{"k":[104],"v":[{"d":{"df":1,"dc":[[11,1]]}}]}]},{"k":[116],"v":[{"d":{"df":1,"dc":[[11,1]]}}]}]}]},{"k":[110],"v":[{"k":[111],"v":[{"k":[119],"v":[{"d":{"df":1,"dc":[[7,1]]}}]}]}]},{"k":[117],"v":[{"k":[120],"v":[{"k":[116],"v":[{"k":[106],"v":[{"k":[115],"v":[{"d":{"df":1,"dc":[[8,1]]}}]}]}]}]}]},{"k":[112,102],"v":[{"k":[101],"v":[{"k":[110],"v":[{"d":{"df":1,"dc":[[8,1]]}}]}]},{"d":{"df":1,"dc":[[12,1]]}}]},{"k":[111,105,101,112],"v":[{"k":[117],"v":[{"k":[114],"v":[{"k":[99],"v":[{"k":[101],"v":[{"d":{"df":1,"dc":[[8,1]]}}]}]}]}]},{"k":[109],"v":[{"k":[112],"v":[{"k":[108],"v":[{"k":[101],"v":[{"d":{"df":1,"dc":[[8,1]]}}]}]}]}]},{"k":[114],"v":[{"k":[118],"v":[{"k":[105],"v":[{"k":[99],"v":[{"k":[101],"v":[{"k":[115],"v":[{"k":[46],"v":[{"d":{"df":1,"dc":[[9,1]]}}]}]}]}]}]}]}]},{"k":[101],"v":[{"k":[99],"v":[{"k":[46],"v":[{"d":{"df":1,"dc":[[10,1]]}}]}]}]}]},{"k":[97],"v":[{"k":[118],"v":[{"k":[97],"v":[{"k":[115],"v":[{"k":[99],"v":[{"k":[114],"v":[{"k":[105],"v":[{"k":[112],"v":[{"k":[116],"v":[{"d":{"df":1,"dc":[[10,1]]}}]}]}]}]}]}]}]}]}]},{"k":[99],"v":[{"k":[109],"v":[{"k":[97],"v":[{"k":[115],"v":[{"k":[99],"v":[{"k":[114],"v":[{"k":[105],"v":[{"k":[112],"v":[{"k":[116],"v":[{"d":{"df":1,"dc":[[10,1]]}}]}]}]}]}]}]}]}]}]},{"k":[114],"v":[{"k":[101],"v":[{"k":[97],"v":[{"k":[116],"v":[{"d":{"df":1,"dc":[[12,1]]}}]}]}]}]}]}},"slug":{"_store":true,"_optimizeChanges":true,"docCount":13,"docStore":[[0,{"fieldLength":1}],[1,{"fieldLength":1}],[2,{"fieldLength":1}],[3,{"fieldLength":1}],[4,{"fieldLength":1}],[5,{"fieldLength":1}],[6,{"fieldLength":1}],[7,{"fieldLength":1}],[8,{"fieldLength":1}],[9,{"fieldLength":1}],[10,{"fieldLength":1}],[11,{"fieldLength":1}],[12,{"fieldLength":1}]],"totalFieldLength":13,"root":{"k":[97,109,115,119,110,106,105,103],"v":[{"k":[114],"v":[{"k":[116],"v":[{"k":[105],"v":[{"k":[99],"v":[{"k":[108],"v":[{"k":[101],"v":[{"k":[45],"v":[{"k":[97],"v":[{"k":[98],"v":[{"k":[111],"v":[{"k":[117],"v":[{"k":[116],"v":[{"k":[45],"v":[{"k":[109],"v":[{"k":[101],"v":[{"d":{"df":1,"dc":[[0,1]]}}]}]}]}]}]}]}]}]}]}]}]}]}]}]}]},{"k":[121],"v":[{"k":[45],"v":[{"k":[102,115,116],"v":[{"k":[97,105],"v":[{"k":[118],"v":[{"k":[111],"v":[{"k":[117],"v":[{"k":[116],"v":[{"k":[105],"v":[{"k":[101],"v":[{"k":[45],"v":[{"k":[98],"v":[{"k":[108],"v":[{"k":[111],"v":[{"k":[103],"v":[{"k":[45],"v":[{"k":[112],"v":[{"k":[111],"v":[{"k":[115],"v":[{"k":[116],"v":[{"d":{"df":1,"dc":[[1,1]]}}]}]}]}]}]}]}]}]}]}]}]}]}]}]}]}]},{"k":[114],"v":[{"k":[115],"v":[{"k":[116],"v":[{"k":[45],"v":[{"k":[98],"v":[{"k":[108],"v":[{"k":[111],"v":[{"k":[103],"v":[{"k":[45],"v":[{"k":[112],"v":[{"k":[111],"v":[{"k":[115],"v":[{"k":[116],"v":[{"d":{"df":1,"dc":[[2,1]]}}]}]}]}]}]}]}]}]}]}]}]}]}]}]},{"k":[101],"v":[{"k":[99],"v":[{"k":[111],"v":[{"k":[110],"v":[{"k":[100],"v":[{"k":[45],"v":[{"k":[112],"v":[{"k":[111],"v":[{"k":[115],"v":[{"k":[116],"v":[{"d":{"df":1,"dc":[[3,1]]}}]}]}]}]}]}]}]}]}]}]},{"k":[104],"v":[{"k":[105],"v":[{"k":[114],"v":[{"k":[100],"v":[{"k":[45],"v":[{"k":[98],"v":[{"k":[108],"v":[{"k":[111],"v":[{"k":[103],"v":[{"k":[45],"v":[{"k":[112],"v":[{"k":[111],"v":[{"k":[115],"v":[{"k":[116],"v":[{"d":{"df":1,"dc":[[4,1]]}}]}]}]}]}]}]}]}]}]}]}]}]}]}]}]}]}]},{"k":[111,117],"v":[{"k":[109],"v":[{"k":[101],"v":[{"k":[45],"v":[{"k":[105],"v":[{"k":[110],"v":[{"k":[116],"v":[{"k":[101],"v":[{"k":[114],"v":[{"k":[101],"v":[{"k":[115],"v":[{"k":[116],"v":[{"k":[105],"v":[{"k":[110],"v":[{"k":[103],"v":[{"k":[45],"v":[{"k":[116],"v":[{"k":[105],"v":[{"k":[116],"v":[{"k":[108],"v":[{"k":[101],"v":[{"d":{"df":1,"dc":[[5,1]]}}]}]}]}]}]}]}]}]}]}]}]}]}]}]}]}]}]}]}]}]},{"k":[99],"v":[{"k":[104],"v":[{"k":[45],"v":[{"k":[97],"v":[{"k":[45],"v":[{"k":[103],"v":[{"k":[111],"v":[{"k":[111],"v":[{"k":[100],"v":[{"k":[45],"v":[{"k":[116],"v":[{"k":[105],"v":[{"k":[116],"v":[{"k":[108],"v":[{"k":[101],"v":[{"d":{"df":1,"dc":[[6,1]]}}]}]}]}]}]}]}]}]}]}]}]}]}]}]}]}]},{"k":[104,101],"v":[{"k":[97],"v":[{"k":[116],"v":[{"k":[45],"v":[{"k":[119],"v":[{"k":[101],"v":[{"k":[45],"v":[{"k":[107],"v":[{"k":[110],"v":[{"k":[111],"v":[{"k":[119],"v":[{"d":{"df":1,"dc":[[7,1]]}}]}]}]}]}]}]}]}]}]}]},{"k":[98],"v":[{"k":[95],"v":[{"k":[100],"v":[{"k":[101],"v":[{"k":[118],"v":[{"k":[101],"v":[{"k":[108],"v":[{"k":[111],"v":[{"k":[112],"v":[{"k":[109],"v":[{"k":[101],"v":[{"k":[110],"v":[{"k":[116],"v":[{"d":{"df":1,"dc":[[9,1]]}}]}]}]}]}]}]}]}]}]}]}]}]}]}]},{"k":[117],"v":[{"k":[120],"v":[{"k":[116],"v":[{"k":[106],"v":[{"k":[115],"v":[{"d":{"df":1,"dc":[[8,1]]}}]}]}]}]}]},{"k":[97],"v":[{"k":[118],"v":[{"k":[97],"v":[{"k":[115],"v":[{"k":[99],"v":[{"k":[114],"v":[{"k":[105],"v":[{"k":[112],"v":[{"k":[116],"v":[{"d":{"df":1,"dc":[[10,1]]}}]}]}]}]}]}]}]}]}]},{"k":[110],"v":[{"k":[116],"v":[{"k":[111],"v":[{"k":[45],"v":[{"k":[116],"v":[{"k":[104],"v":[{"k":[101],"v":[{"k":[45],"v":[{"k":[117],"v":[{"k":[110],"v":[{"k":[107],"v":[{"k":[110],"v":[{"k":[111],"v":[{"k":[119],"v":[{"k":[110],"v":[{"d":{"df":1,"dc":[[11,1]]}}]}]}]}]}]}]}]}]}]}]}]}]}]}]}]},{"k":[114],"v":[{"k":[101],"v":[{"k":[97],"v":[{"k":[116],"v":[{"k":[45],"v":[{"k":[97],"v":[{"k":[114],"v":[{"k":[116],"v":[{"k":[105],"v":[{"k":[99],"v":[{"k":[108],"v":[{"k":[101],"v":[{"d":{"df":1,"dc":[[12,1]]}}]}]}]}]}]}]}]}]}]}]}]}]}]}},"text":{"_store":true,"_optimizeChanges":true,"docCount":10,"docStore":[[0,{"fieldLength":293}],[1,{"fieldLength":265}],[2,{"fieldLength":98}],[3,{"fieldLength":99}],[4,{"fieldLength":99}],[5,{"fieldLength":267}],[6,{"fieldLength":266}],[7,{"fieldLength":269}],[8,{"fieldLength":0}],[9,{"fieldLength":0}],[10,{"fieldLength":0}],[11,{"fieldLength":265}],[12,{"fieldLength":186}]],"totalFieldLength":2107,"root":{"k":[35,116,105,106,115,109,119,97,100,117,112,111,110,101,118,108,114,113,98,102,99,104,60,96,123,34,125,121,107,103],"v":[{"k":[35,105],"v":[{"d":{"df":10,"dc":[[0,1],[1,1],[2,2],[3,3],[4,3],[5,1],[6,1],[7,1],[11,1],[12,1]]},"k":[35],"v":[{"d":{"df":3,"dc":[[2,2],[3,2],[4,2]]}}]},{"k":[110],"v":[{"k":[102],"v":[{"k":[111],"v":[{"k":[45],"v":[{"k":[98],"v":[{"k":[111],"v":[{"k":[120],"v":[{"k":[62],"v":[{"d":{"df":3,"dc":[[2,1],[3,1],[4,1]]}}]}]}]}]}]}]}]}]}]},{"k":[104,111,101],"v":[{"k":[101,105,97],"v":[{"d":{"df":4,"dc":[[2,1],[3,1],[4,1],[11,1]]},"k":[114],"v":[{"k":[101],"v":[{"d":{"df":1,"dc":[[0,1]]}}]}]},{"k":[115,114],"v":[{"d":{"df":6,"dc":[[2,10],[3,10],[4,10],[6,1],[11,1],[12,1]]}},{"k":[100],"v":[{"d":{"df":1,"dc":[[4,1]]}}]}]},{"k":[116],"v":[{"d":{"df":3,"dc":[[2,1],[3,1],[4,1]]}}]}]},{"d":{"df":5,"dc":[[0,1],[2,1],[3,1],[4,1],[5,1]]},"k":[116],"v":[{"k":[97],"v":[{"k":[109],"v":[{"d":{"df":7,"dc":[[0,1],[1,2],[5,2],[6,2],[7,2],[11,2],[12,1]]}}]}]}]},{"k":[109,120],"v":[{"k":[112],"v":[{"k":[111],"v":[{"k":[114],"v":[{"k":[97],"v":[{"d":{"df":7,"dc":[[0,3],[1,2],[5,2],[6,2],[7,2],[11,2],[12,1]]}}]}]}]}]},{"k":[116],"v":[{"k":[45],"v":[{"k":[119],"v":[{"k":[104],"v":[{"k":[105],"v":[{"k":[116],"v":[{"k":[101],"v":[{"d":{"df":3,"dc":[[2,1],[3,1],[4,1]]}}]}]}]}]}]}]}]}]}]},{"d":{"df":1,"dc":[[0,1]]},"k":[115,112,108,110,117,39],"v":[{"d":{"df":6,"dc":[[0,1],[2,11],[3,11],[4,11],[6,1],[12,1]]},"k":[116],"v":[{"k":[101],"v":[{"d":{"df":7,"dc":[[0,1],[1,2],[5,2],[6,2],[7,2],[11,2],[12,1]]}}]}]},{"k":[115],"v":[{"k":[97,117],"v":[{"d":{"df":7,"dc":[[0,1],[1,2],[5,2],[6,2],[7,2],[11,2],[12,1]]},"k":[109],"v":[{"d":{"df":7,"dc":[[0,1],[1,2],[5,2],[6,2],[7,2],[11,2],[12,1]]}}]},{"k":[109],"v":[{"d":{"df":7,"dc":[[0,3],[1,2],[5,2],[6,3],[7,2],[11,2],[12,1]]}}]}]}]},{"k":[108],"v":[{"k":[111,117],"v":[{"d":{"df":7,"dc":[[0,1],[1,2],[5,2],[6,2],[7,2],[11,2],[12,1]]}},{"k":[109],"v":[{"d":{"df":7,"dc":[[0,3],[1,2],[5,2],[6,2],[7,2],[11,2],[12,2]]}}]}]}]},{"d":{"df":7,"dc":[[0,3],[1,2],[5,2],[6,2],[7,2],[11,2],[12,2]]},"k":[118,99,116,102,115],"v":[{"k":[101],"v":[{"k":[110],"v":[{"k":[116],"v":[{"k":[111],"v":[{"k":[114],"v":[{"k":[101],"v":[{"d":{"df":7,"dc":[[0,1],[1,2],[5,2],[6,2],[7,2],[11,2],[12,1]]}}]}]}]}]}]}]},{"k":[105],"v":[{"k":[100],"v":[{"k":[117],"v":[{"k":[110],"v":[{"k":[116],"v":[{"d":{"df":7,"dc":[[0,3],[1,2],[5,2],[6,2],[7,2],[11,2],[12,1]]}}]}]}]}]}]},{"k":[101],"v":[{"k":[114],"v":[{"k":[101],"v":[{"k":[115],"v":[{"k":[116],"v":[{"k":[105],"v":[{"k":[110],"v":[{"k":[103],"v":[{"d":{"df":1,"dc":[[1,1]]}}]}]}]}]}]}]}]}]},{"k":[111],"v":[{"d":{"df":3,"dc":[[2,4],[3,4],[4,4]]}}]},{"k":[105],"v":[{"k":[100],"v":[{"k":[101],"v":[{"d":{"df":3,"dc":[[2,2],[3,2],[4,2]]}}]}]}]}]},{"k":[114],"v":[{"k":[101],"v":[{"d":{"df":7,"dc":[[0,3],[1,2],[5,2],[6,2],[7,2],[11,2],[12,2]]}}]}]},{"k":[109],"v":[{"d":{"df":1,"dc":[[1,1]]}}]}]},{"k":[117],"v":[{"k":[115],"v":[{"k":[116],"v":[{"d":{"df":1,"dc":[[0,1]]}}]}]}]},{"k":[111,116,101,105,117,108],"v":[{"d":{"df":1,"dc":[[0,1]]},"k":[109],"v":[{"k":[101],"v":[{"d":{"df":3,"dc":[[2,5],[3,5],[4,5]]}}]}]},{"k":[97,121],"v":[{"k":[114],"v":[{"k":[116],"v":[{"k":[63],"v":[{"d":{"df":1,"dc":[[0,1]]}}]}]}]},{"k":[108],"v":[{"k":[105],"v":[{"k":[110],"v":[{"k":[103],"v":[{"d":{"df":3,"dc":[[2,1],[3,1],[4,1]]}}]}]}]}]}]},{"k":[100,113,99],"v":[{"d":{"df":7,"dc":[[0,5],[1,6],[5,6],[6,6],[7,6],[11,6],[12,3]]},"k":[101],"v":[{"k":[116],"v":[{"d":{"df":1,"dc":[[12,1]]}}]}]},{"k":[117],"v":[{"k":[105],"v":[{"d":{"df":7,"dc":[[0,1],[1,2],[5,2],[6,2],[7,2],[11,2],[12,1]]}}]}]},{"k":[111],"v":[{"k":[110],"v":[{"k":[100],"v":[{"d":{"df":1,"dc":[[3,1]]}}]}]}]}]},{"k":[116],"v":[{"d":{"df":7,"dc":[[0,5],[1,6],[5,6],[6,6],[7,6],[11,6],[12,3]]}}]},{"k":[110,115,98],"v":[{"k":[116],"v":[{"d":{"df":7,"dc":[[0,1],[1,2],[5,2],[6,2],[7,2],[11,2],[12,1]]}}]},{"k":[99],"v":[{"k":[105],"v":[{"k":[112],"v":[{"k":[105],"v":[{"k":[116],"v":[{"d":{"df":7,"dc":[[0,3],[1,2],[5,2],[6,2],[7,2],[11,2],[12,2]]}}]}]}]}]}]},{"d":{"df":3,"dc":[[2,2],[3,2],[4,2]]}}]},{"k":[111],"v":[{"k":[116],"v":[{"k":[115],"v":[{"d":{"df":3,"dc":[[2,1],[3,1],[4,1]]}}]}]}]}]},{"k":[117,101,97,111,105,121,98],"v":[{"k":[99],"v":[{"k":[104],"v":[{"d":{"df":1,"dc":[[0,1]]}}]}]},{"k":[46],"v":[{"d":{"df":1,"dc":[[0,1]]}}]},{"k":[103,114],"v":[{"k":[110],"v":[{"k":[105,97],"v":[{"d":{"df":7,"dc":[[0,1],[1,2],[5,2],[6,2],[7,2],[11,2],[12,1]]}},{"k":[109],"v":[{"d":{"df":7,"dc":[[0,3],[1,2],[5,2],[6,2],[7,2],[11,2],[12,2]]}}]}]}]},{"k":[107],"v":[{"k":[100],"v":[{"k":[111],"v":[{"k":[119],"v":[{"k":[110],"v":[{"d":{"df":3,"dc":[[2,2],[3,2],[4,2]]}}]}]}]}]}]}]},{"k":[100,108,114],"v":[{"k":[105,117],"v":[{"d":{"df":7,"dc":[[0,3],[1,2],[5,2],[6,2],[7,2],[11,2],[12,1]]}},{"k":[108],"v":[{"k":[101],"v":[{"d":{"df":4,"dc":[[2,1],[3,1],[4,1],[5,1]]}}]}]}]},{"k":[101],"v":[{"k":[115],"v":[{"k":[116],"v":[{"k":[105],"v":[{"k":[97],"v":[{"k":[101],"v":[{"d":{"df":7,"dc":[[0,3],[1,2],[5,2],[6,2],[7,2],[11,2],[12,2]]}}]}]}]}]}]}]},{"k":[101],"v":[{"d":{"df":3,"dc":[[2,4],[3,4],[4,4]]}}]}]},{"k":[110],"v":[{"k":[105],"v":[{"k":[109],"v":[{"k":[97],"v":[{"d":{"df":7,"dc":[[0,3],[1,2],[5,2],[6,2],[7,2],[11,2],[12,2]]}}]}]}]}]},{"d":{"df":3,"dc":[[2,1],[3,1],[4,1]]}},{"k":[45],"v":[{"k":[52],"v":[{"k":[34],"v":[{"k":[62],"v":[{"d":{"df":3,"dc":[[2,1],[3,1],[4,1]]}}]}]}]}]}]},{"k":[114,104,101],"v":[{"k":[105],"v":[{"k":[116],"v":[{"k":[101],"v":[{"d":{"df":1,"dc":[[0,1]]}}]}]}]},{"k":[101,97],"v":[{"k":[114],"v":[{"k":[101],"v":[{"d":{"df":1,"dc":[[0,1]]}}]}]},{"k":[116],"v":[{"d":{"df":1,"dc":[[7,2]]}}]}]},{"d":{"df":1,"dc":[[7,1]]},"k":[108],"v":[{"k":[99],"v":[{"k":[111],"v":[{"k":[109],"v":[{"k":[101],"v":[{"d":{"df":4,"dc":[[2,1],[3,1],[4,1],[5,1]]}}]}]}]}]}]}]},{"d":{"df":4,"dc":[[1,1],[2,4],[3,4],[4,4]]},"k":[98,99,112,114,115,117,109,100,108,110],"v":[{"d":{"df":7,"dc":[[0,1],[1,2],[5,2],[6,2],[7,2],[11,2],[12,1]]},"k":[111],"v":[{"k":[117],"v":[{"k":[116],"v":[{"d":{"df":2,"dc":[[0,1],[6,1]]}}]}]}]},{"k":[99],"v":[{"k":[117],"v":[{"k":[115],"v":[{"k":[97],"v":[{"k":[110],"v":[{"k":[116],"v":[{"k":[105],"v":[{"k":[117],"v":[{"k":[109],"v":[{"d":{"df":7,"dc":[[0,1],[1,2],[5,2],[6,2],[7,2],[11,2],[12,1]]}}]}]}]}]}]}]}]}]}]},{"k":[101],"v":[{"k":[114],"v":[{"k":[105],"v":[{"k":[97],"v":[{"k":[109],"v":[{"k":[44],"v":[{"d":{"df":7,"dc":[[0,1],[1,2],[5,2],[6,2],[7,2],[11,2],[12,1]]}}]}]}]}]}]}]},{"k":[99,116],"v":[{"k":[104],"v":[{"k":[105],"v":[{"k":[116],"v":[{"k":[101],"v":[{"k":[99],"v":[{"k":[116],"v":[{"k":[111],"v":[{"d":{"df":7,"dc":[[0,1],[1,2],[5,2],[6,2],[7,2],[11,2],[12,1]]}}]}]}]}]}]}]}]},{"k":[105],"v":[{"k":[99],"v":[{"k":[108],"v":[{"k":[101],"v":[{"d":{"df":4,"dc":[[1,1],[6,1],[11,1],[12,1]]}}]}]}]}]}]},{"k":[112],"v":[{"k":[101],"v":[{"k":[114],"v":[{"k":[110],"v":[{"k":[97],"v":[{"k":[116],"v":[{"k":[117],"v":[{"k":[114],"v":[{"d":{"df":7,"dc":[[0,1],[1,2],[5,2],[6,2],[7,2],[11,2],[12,1]]}}]}]}]}]}]}]}]}]},{"k":[116],"v":[{"d":{"df":7,"dc":[[0,2],[1,4],[5,4],[6,4],[7,4],[11,4],[12,2]]},"k":[101],"v":[{"k":[109],"v":[{"d":{"df":7,"dc":[[0,3],[1,2],[5,2],[6,2],[7,2],[11,2],[12,2]]}}]}]}]},{"k":[101],"v":[{"k":[116],"v":[{"k":[44],"v":[{"d":{"df":7,"dc":[[0,3],[1,2],[5,2],[6,2],[7,2],[11,2],[12,1]]}}]}]}]},{"d":{"df":7,"dc":[[0,3],[1,2],[5,2],[6,2],[7,2],[11,2],[12,2]]},"k":[105],"v":[{"k":[112],"v":[{"k":[105],"v":[{"k":[115],"v":[{"k":[99],"v":[{"k":[105],"v":[{"d":{"df":7,"dc":[[0,3],[1,2],[5,2],[6,2],[7,2],[11,2],[12,1]]}}]}]}]}]}]}]},{"k":[105,108],"v":[{"k":[113],"v":[{"k":[117],"v":[{"k":[97,105],"v":[{"k":[109],"v":[{"d":{"df":7,"dc":[[0,3],[1,2],[5,2],[6,2],[7,2],[11,2],[12,2]]}}]},{"k":[100],"v":[{"d":{"df":7,"dc":[[0,3],[1,2],[5,2],[6,2],[7,2],[11,2],[12,2]]}}]}]}]}]},{"d":{"df":1,"dc":[[6,1]]}}]},{"k":[111,100],"v":[{"k":[116],"v":[{"k":[104],"v":[{"k":[101],"v":[{"k":[114],"v":[{"d":{"df":4,"dc":[[2,2],[3,2],[4,2],[5,1]]}}]}]}]}]},{"d":{"df":1,"dc":[[7,1]]}}]}]},{"k":[111,105,101],"v":[{"d":{"df":2,"dc":[[0,1],[7,2]]},"k":[108],"v":[{"k":[111],"v":[{"k":[114],"v":[{"d":{"df":7,"dc":[[0,3],[1,2],[5,2],[6,2],[7,2],[11,2],[12,1]]},"k":[101],"v":[{"d":{"df":7,"dc":[[0,3],[1,2],[5,2],[6,2],[7,2],[11,2],[12,2]]},"k":[109,115],"v":[{"d":{"df":7,"dc":[[0,6],[1,4],[5,4],[6,4],[7,4],[11,4],[12,3]]},"k":[113],"v":[{"k":[117],"v":[{"k":[101],"v":[{"d":{"df":7,"dc":[[0,1],[1,2],[5,2],[6,2],[7,2],[11,2],[12,1]]}}]}]}]},{"d":{"df":7,"dc":[[0,1],[1,2],[5,2],[6,2],[7,2],[11,2],[12,1]]}}]}]}]}]}]},{"k":[99],"v":[{"k":[116],"v":[{"k":[97],"v":[{"d":{"df":7,"dc":[[0,1],[1,2],[5,2],[6,2],[7,2],[11,2],[12,1]]}}]}]}]},{"k":[102],"v":[{"k":[97],"v":[{"k":[117],"v":[{"k":[108],"v":[{"k":[116],"v":[{"d":{"df":3,"dc":[[2,1],[3,1],[4,1]]}}]}]}]}]}]}]},{"k":[116,110,108,115],"v":[{"d":{"df":7,"dc":[[0,10],[1,8],[5,8],[6,8],[7,8],[11,8],[12,6]]}},{"k":[100,107],"v":[{"k":[101],"v":[{"d":{"df":7,"dc":[[0,1],[1,2],[5,2],[6,2],[7,2],[11,2],[12,1]]}}]},{"k":[110],"v":[{"k":[111],"v":[{"k":[119],"v":[{"k":[110],"v":[{"d":{"df":1,"dc":[[11,1]]}}]}]}]}]}]},{"k":[108],"v":[{"k":[97],"v":[{"k":[109],"v":[{"d":{"df":7,"dc":[[0,3],[1,2],[5,2],[6,2],[7,2],[11,2],[12,2]]}}]}]}]},{"k":[105],"v":[{"k":[110],"v":[{"k":[103],"v":[{"d":{"df":4,"dc":[[2,2],[3,2],[4,2],[5,1]]}}]}]}]}]},{"k":[101,111,97,45],"v":[{"k":[114],"v":[{"k":[115],"v":[{"k":[112],"v":[{"k":[105],"v":[{"k":[99],"v":[{"k":[105],"v":[{"k":[97],"v":[{"k":[116],"v":[{"k":[105],"v":[{"k":[115],"v":[{"d":{"df":7,"dc":[[0,1],[1,2],[5,2],[6,2],[7,2],[11,2],[12,1]]}}]}]}]}]}]}]}]}]}]}]},{"k":[114,115],"v":[{"k":[114],"v":[{"k":[111],"v":[{"d":{"df":7,"dc":[[0,3],[1,2],[5,2],[6,2],[7,2],[11,2],[12,1]]}}]}]},{"k":[116],"v":[{"d":{"df":4,"dc":[[2,1],[3,1],[4,1],[5,1]]}}]}]},{"k":[114],"v":[{"k":[105],"v":[{"k":[97],"v":[{"k":[116],"v":[{"k":[117],"v":[{"k":[114],"v":[{"k":[63],"v":[{"d":{"df":7,"dc":[[0,3],[1,2],[5,2],[6,2],[7,2],[11,2],[12,2]]}}]}]}]}]}]}]}]},{"k":[52],"v":[{"d":{"df":3,"dc":[[2,1],[3,1],[4,1]]}}]}]},{"k":[109,100],"v":[{"k":[110],"v":[{"k":[105],"v":[{"k":[115],"v":[{"d":{"df":7,"dc":[[0,1],[1,2],[5,2],[6,2],[7,2],[11,2],[12,1]]}}]}]}]},{"k":[105],"v":[{"k":[116],"v":[{"d":{"df":7,"dc":[[0,1],[1,2],[5,2],[6,2],[7,2],[11,2],[12,1]]}}]}]}]},{"k":[97,101,111,117,105],"v":[{"k":[116],"v":[{"k":[117],"v":[{"k":[115],"v":[{"d":{"df":7,"dc":[[0,1],[1,2],[5,2],[6,2],[7,2],[11,2],[12,1]]}}]}]}]},{"k":[109,115,113],"v":[{"k":[111],"v":[{"d":{"df":7,"dc":[[0,1],[1,2],[5,2],[6,2],[7,2],[11,2],[12,1]]}}]},{"k":[99],"v":[{"k":[105],"v":[{"k":[117],"v":[{"k":[110],"v":[{"k":[116],"v":[{"k":[46],"v":[{"d":{"df":7,"dc":[[0,1],[1,2],[5,2],[6,2],[7,2],[11,2],[12,1]]}}]}]}]}]}]}]},{"k":[117],"v":[{"k":[101],"v":[{"d":{"df":7,"dc":[[0,3],[1,2],[5,2],[6,2],[7,2],[11,2],[12,1]]}}]}]}]},{"k":[110,115,116],"v":[{"d":{"df":7,"dc":[[0,3],[1,2],[5,2],[6,2],[7,2],[11,2],[12,1]]}},{"k":[116],"v":[{"k":[114],"v":[{"k":[117],"v":[{"k":[109],"v":[{"d":{"df":7,"dc":[[0,3],[1,2],[5,2],[6,2],[7,2],[11,2],[12,2]]}}]}]}]}]},{"d":{"df":1,"dc":[[7,1]]}}]},{"k":[109,108,120],"v":[{"k":[113],"v":[{"k":[117],"v":[{"k":[97],"v":[{"k":[109],"v":[{"d":{"df":7,"dc":[[0,3],[1,2],[5,2],[6,2],[7,2],[11,2],[12,1]]}}]}]}]}]},{"k":[108],"v":[{"k":[97],"v":[{"d":{"df":7,"dc":[[0,3],[1,2],[5,2],[6,2],[7,2],[11,2],[12,2]]}}]}]},{"k":[116],"v":[{"k":[58],"v":[{"d":{"df":3,"dc":[[2,1],[3,1],[4,1]]}}]}]}]},{"k":[115,104],"v":[{"k":[105],"v":[{"d":{"df":7,"dc":[[0,3],[1,2],[5,2],[6,2],[7,2],[11,2],[12,2]]}}]},{"k":[105],"v":[{"k":[108],"v":[{"d":{"df":7,"dc":[[0,3],[1,2],[5,2],[6,2],[7,2],[11,2],[12,2]]}}]}]}]}]},{"k":[114,97,116,120,110,111,115,105,117],"v":[{"k":[114],"v":[{"k":[111],"v":[{"k":[114],"v":[{"d":{"df":7,"dc":[[0,1],[1,2],[5,2],[6,2],[7,2],[11,2],[12,1]]}}]}]}]},{"d":{"df":7,"dc":[[0,6],[1,4],[5,4],[6,4],[7,4],[11,4],[12,4]]},"k":[113,115],"v":[{"k":[117],"v":[{"k":[101],"v":[{"d":{"df":7,"dc":[[0,1],[1,2],[5,2],[6,2],[7,2],[11,2],[12,1]]}}]}]},{"k":[121],"v":[{"k":[60],"v":[{"k":[47],"v":[{"k":[112],"v":[{"k":[62],"v":[{"d":{"df":3,"dc":[[2,1],[3,1],[4,1]]}}]}]}]}]}]}]},{"d":{"df":7,"dc":[[0,4],[1,4],[5,4],[6,4],[7,4],[11,4],[12,2]]}},{"d":{"df":7,"dc":[[0,3],[1,2],[5,2],[6,2],[7,2],[11,2],[12,2]]},"k":[112,101],"v":[{"k":[108,111],"v":[{"k":[105,111],"v":[{"k":[99],"v":[{"k":[97],"v":[{"k":[98],"v":[{"k":[111],"v":[{"k":[46],"v":[{"d":{"df":7,"dc":[[0,1],[1,2],[5,2],[6,2],[7,2],[11,2],[12,1]]}}]}]}]}]}]},{"k":[114],"v":[{"k":[101],"v":[{"k":[115],"v":[{"d":{"df":1,"dc":[[11,1]]}}]}]}]}]},{"k":[114],"v":[{"k":[116],"v":[{"d":{"df":3,"dc":[[2,1],[3,1],[4,1]]}}]}]}]},{"k":[114],"v":[{"k":[99],"v":[{"k":[105],"v":[{"k":[116],"v":[{"k":[97],"v":[{"k":[116],"v":[{"k":[105],"v":[{"k":[111],"v":[{"k":[110],"v":[{"k":[101],"v":[{"k":[109],"v":[{"d":{"df":7,"dc":[[0,3],[1,2],[5,2],[6,2],[7,2],[11,2],[12,2]]}}]}]}]}]}]}]}]}]}]}]}]}]},{"k":[105],"v":[{"k":[109],"v":[{"d":{"df":7,"dc":[[0,4],[1,4],[5,4],[6,4],[7,4],[11,4],[12,3]]}}]}]},{"k":[115],"v":[{"d":{"df":7,"dc":[[0,1],[1,2],[5,2],[6,2],[7,2],[11,2],[12,1]]}}]},{"k":[116,115],"v":[{"k":[44],"v":[{"d":{"df":7,"dc":[[0,3],[1,2],[5,2],[6,2],[7,2],[11,2],[12,1]]}}]},{"k":[101],"v":[{"d":{"df":7,"dc":[[0,3],[1,2],[5,2],[6,2],[7,2],[11,2],[12,2]]}}]}]},{"k":[117],"v":[{"k":[115],"v":[{"d":{"df":7,"dc":[[0,3],[1,2],[5,2],[6,2],[7,2],[11,2],[12,1]]}}]}]},{"k":[109],"v":[{"d":{"df":7,"dc":[[0,6],[1,4],[5,4],[6,4],[7,4],[11,4],[12,4]]}}]}]},{"k":[111,101,105,117],"v":[{"k":[108],"v":[{"k":[117],"v":[{"k":[112],"v":[{"k":[116],"v":[{"k":[97],"v":[{"k":[116,115],"v":[{"k":[101],"v":[{"d":{"df":7,"dc":[[0,3],[1,2],[5,2],[6,2],[7,2],[11,2],[12,2]]},"k":[109],"v":[{"d":{"df":7,"dc":[[0,3],[1,6],[5,6],[6,6],[7,6],[11,6],[12,3]]},"k":[46],"v":[{"d":{"df":7,"dc":[[0,3],[1,2],[5,2],[6,2],[7,2],[11,2],[12,2]]}}]}]}]},{"d":{"df":7,"dc":[[0,4],[1,4],[5,4],[6,4],[7,4],[11,4],[12,3]]}}]}]}]}]}]}]},{"k":[114,108,110],"v":[{"k":[105,121],"v":[{"k":[116],"v":[{"k":[97],"v":[{"k":[116],"v":[{"k":[105],"v":[{"k":[115],"v":[{"d":{"df":7,"dc":[[0,1],[1,2],[5,2],[6,2],[7,2],[11,2],[12,1]]}}]}]}]}]}]},{"d":{"df":1,"dc":[[1,1]]}}]},{"d":{"df":7,"dc":[[0,6],[1,4],[5,4],[6,4],[7,4],[11,4],[12,4]]},"k":[105],"v":[{"k":[116],"v":[{"d":{"df":7,"dc":[[0,3],[1,2],[5,2],[6,2],[7,2],[11,2],[12,2]]},"k":[44],"v":[{"d":{"df":7,"dc":[[0,3],[1,2],[5,2],[6,2],[7,2],[11,2],[12,1]]}}]}]}]},{"k":[105],"v":[{"k":[97],"v":[{"k":[109],"v":[{"k":[44],"v":[{"d":{"df":7,"dc":[[0,3],[1,2],[5,2],[6,2],[7,2],[11,2],[12,2]]}}]}]}]}]}]},{"k":[116],"v":[{"k":[97],"v":[{"k":[101],"v":[{"d":{"df":7,"dc":[[0,1],[1,2],[5,2],[6,2],[7,2],[11,2],[12,1]]}}]}]}]},{"k":[101],"v":[{"d":{"df":3,"dc":[[2,1],[3,1],[4,1]]}}]}]},{"k":[97,111],"v":[{"k":[117,98],"v":[{"k":[100],"v":[{"k":[97],"v":[{"k":[110],"v":[{"k":[116],"v":[{"k":[105],"v":[{"k":[117],"v":[{"k":[109],"v":[{"k":[44],"v":[{"d":{"df":7,"dc":[[0,1],[1,2],[5,2],[6,2],[7,2],[11,2],[12,1]]}}]}]}]}]}]}]}]}]},{"k":[111],"v":[{"k":[114],"v":[{"k":[101,105],"v":[{"d":{"df":7,"dc":[[0,3],[1,2],[5,2],[6,2],[7,2],[11,2],[12,1]]}},{"k":[111],"v":[{"k":[115],"v":[{"k":[97],"v":[{"k":[109],"v":[{"k":[44],"v":[{"d":{"df":7,"dc":[[0,3],[1,2],[5,2],[6,2],[7,2],[11,2],[12,2]]}}]}]}]}]}]}]}]}]}]},{"k":[114],"v":[{"k":[101],"v":[{"k":[109],"v":[{"d":{"df":1,"dc":[[6,1]]}}]}]}]}]},{"k":[101,97],"v":[{"k":[109,112],"v":[{"d":{"df":7,"dc":[[0,1],[1,2],[5,2],[6,2],[7,2],[11,2],[12,1]]}},{"k":[114],"v":[{"k":[101],"v":[{"k":[104],"v":[{"k":[101],"v":[{"k":[110],"v":[{"k":[100],"v":[{"k":[101],"v":[{"k":[114],"v":[{"k":[105],"v":[{"k":[116],"v":[{"d":{"df":7,"dc":[[0,3],[1,2],[5,2],[6,2],[7,2],[11,2],[12,2]]}}]}]}]}]}]}]}]}]}]}]}]},{"k":[116],"v":[{"k":[105],"v":[{"k":[111],"v":[{"k":[110],"v":[{"k":[101],"v":[{"d":{"df":7,"dc":[[0,1],[1,2],[5,2],[6,2],[7,2],[11,2],[12,1]]}}]}]}]}]}]}]},{"k":[117],"v":[{"k":[97,105,111],"v":[{"k":[101,115,109],"v":[{"d":{"df":7,"dc":[[0,1],[1,2],[5,2],[6,2],[7,2],[11,2],[12,1]]},"k":[114],"v":[{"k":[97],"v":[{"k":[116],"v":[{"d":{"df":7,"dc":[[0,3],[1,2],[5,2],[6,2],[7,2],[11,2],[12,2]]}}]}]}]},{"k":[105],"v":[{"d":{"df":7,"dc":[[0,1],[1,2],[5,2],[6,2],[7,2],[11,2],[12,1]]}}]},{"d":{"df":7,"dc":[[0,3],[1,2],[5,2],[6,2],[7,2],[11,2],[12,2]]}}]},{"d":{"df":7,"dc":[[0,10],[1,8],[5,8],[6,8],[7,8],[11,8],[12,6]]},"k":[97,115],"v":[{"d":{"df":7,"dc":[[0,8],[1,8],[5,8],[6,8],[7,8],[11,8],[12,4]]}},{"d":{"df":7,"dc":[[0,6],[1,4],[5,4],[6,4],[7,4],[11,4],[12,4]]},"k":[113],"v":[{"k":[117],"v":[{"k":[97],"v":[{"k":[109],"v":[{"d":{"df":7,"dc":[[0,3],[1,2],[5,2],[6,2],[7,2],[11,2],[12,1]]}}]}]}]}]}]},{"d":{"df":7,"dc":[[0,3],[1,2],[5,2],[6,2],[7,2],[11,2],[12,2]]}}]}]},{"k":[101,108],"v":[{"k":[97,115],"v":[{"k":[116],"v":[{"k":[97],"v":[{"k":[101],"v":[{"d":{"df":7,"dc":[[0,1],[1,2],[5,2],[6,2],[7,2],[11,2],[12,1]]}}]}]}]},{"k":[116],"v":[{"k":[34],"v":[{"d":{"df":3,"dc":[[2,1],[3,1],[4,1]]}}]}]}]},{"k":[111],"v":[{"k":[103],"v":[{"d":{"df":4,"dc":[[2,1],[3,1],[4,1],[5,1]]}}]}]}]},{"k":[117,105],"v":[{"k":[103],"v":[{"k":[105],"v":[{"k":[116,97],"v":[{"k":[44],"v":[{"d":{"df":7,"dc":[[0,1],[1,2],[5,2],[6,2],[7,2],[11,2],[12,1]]}}]},{"k":[116],"v":[{"d":{"df":7,"dc":[[0,3],[1,2],[5,2],[6,2],[7,2],[11,2],[12,2]]}}]}]}]}]},{"k":[114],"v":[{"k":[115],"v":[{"k":[116],"v":[{"d":{"df":1,"dc":[[2,1]]}}]}]}]}]},{"k":[111,108],"v":[{"k":[110,114,109],"v":[{"k":[115,116],"v":[{"k":[101],"v":[{"k":[113,99],"v":[{"k":[117],"v":[{"k":[117,97],"v":[{"k":[110],"v":[{"k":[116],"v":[{"k":[117],"v":[{"k":[114],"v":[{"d":{"df":7,"dc":[[0,1],[1,2],[5,2],[6,2],[7,2],[11,2],[12,1]]}}]}]}]}]},{"k":[116],"v":[{"k":[117],"v":[{"k":[114],"v":[{"k":[63,44],"v":[{"d":{"df":7,"dc":[[0,3],[1,2],[5,2],[6,2],[7,2],[11,2],[12,2]]}},{"d":{"df":7,"dc":[[0,3],[1,2],[5,2],[6,2],[7,2],[11,2],[12,2]]}}]}]}]}]}]}]},{"k":[116],"v":[{"k":[101],"v":[{"k":[116],"v":[{"k":[117],"v":[{"k":[114],"v":[{"k":[44],"v":[{"d":{"df":7,"dc":[[0,3],[1,2],[5,2],[6,2],[7,2],[11,2],[12,1]]}}]}]}]}]}]}]}]}]},{"k":[101],"v":[{"k":[110],"v":[{"k":[116],"v":[{"d":{"df":4,"dc":[[2,1],[3,1],[4,1],[5,1]]}}]}]}]}]},{"k":[112],"v":[{"k":[111],"v":[{"k":[114],"v":[{"k":[105],"v":[{"k":[115],"v":[{"d":{"df":7,"dc":[[0,3],[1,2],[5,2],[6,2],[7,2],[11,2],[12,2]]}}]}]}]}]}]},{"k":[109,112],"v":[{"k":[111],"v":[{"k":[100],"v":[{"k":[105],"v":[{"d":{"df":7,"dc":[[0,3],[1,2],[5,2],[6,2],[7,2],[11,2],[12,2]]}}]}]}]},{"k":[111],"v":[{"k":[110],"v":[{"k":[101],"v":[{"k":[110],"v":[{"k":[116],"v":[{"d":{"df":3,"dc":[[2,1],[3,1],[4,1]]}}]}]}]}]}]}]}]},{"k":[97],"v":[{"k":[115],"v":[{"k":[115],"v":[{"d":{"df":3,"dc":[[2,1],[3,1],[4,1]]},"k":[61,101],"v":[{"k":[34],"v":[{"k":[98],"v":[{"k":[103],"v":[{"k":[45],"v":[{"k":[98],"v":[{"k":[108],"v":[{"k":[117],"v":[{"k":[101],"v":[{"k":[45],"v":[{"k":[53],"v":[{"k":[48],"v":[{"k":[48],"v":[{"d":{"df":3,"dc":[[2,1],[3,1],[4,1]]}}]}]}]}]}]}]}]}]}]}]}]}]},{"k":[115],"v":[{"d":{"df":3,"dc":[[2,1],[3,1],[4,1]]}}]}]}]}]}]}]},{"k":[101,116,97],"v":[{"k":[108,97],"v":[{"k":[108],"v":[{"k":[111],"v":[{"d":{"df":3,"dc":[[1,1],[11,1],[12,1]]}}]}]},{"k":[100],"v":[{"k":[105],"v":[{"k":[110],"v":[{"k":[103],"v":[{"d":{"df":3,"dc":[[2,4],[3,4],[4,4]]}}]}]}]}]}]},{"k":[109],"v":[{"k":[108],"v":[{"d":{"df":3,"dc":[[2,1],[3,1],[4,1]]}}]}]},{"k":[115],"v":[{"d":{"df":3,"dc":[[2,1],[3,1],[4,1]]}}]}]},{"k":[100,47,105,116,112],"v":[{"k":[105],"v":[{"k":[118],"v":[{"d":{"df":3,"dc":[[2,1],[3,1],[4,1]]}}]}]},{"k":[100,116,105],"v":[{"k":[105],"v":[{"k":[118],"v":[{"k":[62],"v":[{"d":{"df":3,"dc":[[2,1],[3,1],[4,1]]}}]}]}]},{"k":[101],"v":[{"k":[109],"v":[{"k":[112],"v":[{"k":[108],"v":[{"k":[97],"v":[{"k":[116],"v":[{"k":[101],"v":[{"k":[62],"v":[{"d":{"df":3,"dc":[[2,1],[3,1],[4,1]]}}]}]}]}]}]}]}]}]},{"k":[110],"v":[{"k":[102],"v":[{"k":[111],"v":[{"k":[45],"v":[{"k":[98],"v":[{"k":[111],"v":[{"k":[120],"v":[{"k":[62],"v":[{"d":{"df":3,"dc":[[2,1],[3,1],[4,1]]}}]}]}]}]}]}]}]}]}]},{"k":[110],"v":[{"k":[102],"v":[{"k":[111],"v":[{"k":[45],"v":[{"k":[98],"v":[{"k":[111],"v":[{"k":[120],"v":[{"k":[62],"v":[{"d":{"df":3,"dc":[[2,1],[3,1],[4,1]]}}]}]}]}]}]}]}]}]},{"k":[101],"v":[{"k":[109],"v":[{"k":[112],"v":[{"k":[108],"v":[{"k":[97],"v":[{"k":[116],"v":[{"k":[101],"v":[{"d":{"df":3,"dc":[[2,1],[3,1],[4,1]]}}]}]}]}]}]}]}]},{"k":[62],"v":[{"k":[99],"v":[{"k":[111],"v":[{"k":[100],"v":[{"k":[101],"v":[{"d":{"df":3,"dc":[[2,1],[3,1],[4,1]]}}]}]}]}]}]}]},{"k":[96],"v":[{"k":[96],"v":[{"d":{"df":3,"dc":[[2,2],[3,2],[4,2]]},"k":[106,104],"v":[{"k":[115],"v":[{"k":[91],"v":[{"k":[110],"v":[{"k":[117],"v":[{"k":[120],"v":[{"k":[116],"v":[{"k":[46],"v":[{"k":[99],"v":[{"k":[111],"v":[{"k":[110],"v":[{"k":[102],"v":[{"k":[105],"v":[{"k":[103],"v":[{"k":[46],"v":[{"k":[106],"v":[{"k":[115],"v":[{"k":[93],"v":[{"d":{"df":3,"dc":[[2,1],[3,1],[4,1]]}}]}]}]}]}]}]}]}]}]}]}]}]}]}]}]}]}]},{"k":[116],"v":[{"k":[109],"v":[{"k":[108],"v":[{"k":[91],"v":[{"k":[109],"v":[{"k":[121],"v":[{"k":[45],"v":[{"k":[102],"v":[{"k":[105],"v":[{"k":[114],"v":[{"k":[115],"v":[{"k":[116],"v":[{"k":[45],"v":[{"k":[98],"v":[{"k":[108],"v":[{"k":[111],"v":[{"k":[103],"v":[{"k":[45],"v":[{"k":[112],"v":[{"k":[111],"v":[{"k":[115],"v":[{"k":[116],"v":[{"k":[46],"v":[{"k":[109],"v":[{"k":[100],"v":[{"k":[93],"v":[{"d":{"df":3,"dc":[[2,1],[3,1],[4,1]]}}]}]}]}]}]}]}]}]}]}]}]}]}]}]}]}]}]}]}]}]}]}]}]}]}]}]}]}]}]},{"d":{"df":3,"dc":[[2,1],[3,1],[4,1]]}},{"k":[105],"v":[{"k":[115],"v":[{"d":{"df":3,"dc":[[2,1],[3,1],[4,1]]}}]}]},{"d":{"df":3,"dc":[[2,1],[3,1],[4,1]]}},{"k":[111],"v":[{"k":[117],"v":[{"d":{"df":1,"dc":[[7,1]]}}]}]},{"k":[110],"v":[{"k":[111],"v":[{"k":[119],"v":[{"d":{"df":1,"dc":[[7,2]]}}]}]}]},{"k":[114],"v":[{"k":[101],"v":[{"k":[97],"v":[{"k":[116],"v":[{"d":{"df":1,"dc":[[12,1]]}}]}]}]}]}]}}}}}],"databaseVersion":1.5,"engineVersion":1.5,"filename":"content.db","_persistenceAdapter":null,"_persistenceMethod":null,"_throttledSaves":true}